Fecha,SF331451
02/01/2006,8.27
03/01/2006,8.28
04/01/2006,8.28
05/01/2006,8.28
06/01/2006,8.28
09/01/2006,8.28
10/01/2006,8.28
11/01/2006,8.28
12/01/2006,8.28
13/01/2006,8.28
16/01/2006,8.28
17/01/2006,8.27
18/01/2006,8.27
19/01/2006,8.27
20/01/2006,8.27
23/01/2006,8.27
24/01/2006,8.27
25/01/2006,8.28
26/01/2006,8.28
27/01/2006,7.78
30/01/2006,7.78
31/01/2006,7.8
01/02/2006,7.78
02/02/2006,7.78
03/02/2006,7.78
07/02/2006,7.78
08/02/2006,7.77
09/02/2006,7.77
10/02/2006,7.77
13/02/2006,7.77
14/02/2006,7.78
15/02/2006,7.78
16/02/2006,7.78
17/02/2006,7.78
20/02/2006,7.78
21/02/2006,7.78
22/02/2006,7.79
23/02/2006,7.82
24/02/2006,7.55
27/02/2006,7.53
28/02/2006,7.56
01/03/2006,7.54
02/03/2006,7.54
03/03/2006,7.54
06/03/2006,7.52
07/03/2006,7.52
08/03/2006,7.54
09/03/2006,7.54
10/03/2006,7.53
13/03/2006,7.53
14/03/2006,7.52
15/03/2006,7.52
16/03/2006,7.52
17/03/2006,7.52
20/03/2006,7.52
22/03/2006,7.52
23/03/2006,7.53
24/03/2006,7.27
27/03/2006,7.26
28/03/2006,7.26
29/03/2006,7.26
30/03/2006,7.26
31/03/2006,7.28
03/04/2006,7.26
04/04/2006,7.26
05/04/2006,7.26
06/04/2006,7.26
07/04/2006,7.26
10/04/2006,7.26
11/04/2006,7.26
12/04/2006,7.27
17/04/2006,7.26
18/04/2006,7.26
19/04/2006,7.26
20/04/2006,7.25
21/04/2006,7.02
24/04/2006,7.02
25/04/2006,7.02
26/04/2006,7.03
27/04/2006,7.03
28/04/2006,7.05
02/05/2006,7.02
03/05/2006,7.01
04/05/2006,7.02
05/05/2006,7.02
08/05/2006,7.01
09/05/2006,7.01
10/05/2006,7.02
11/05/2006,7.02
12/05/2006,7.03
15/05/2006,7.02
16/05/2006,7.03
17/05/2006,7.03
18/05/2006,7.03
19/05/2006,7.03
22/05/2006,7.02
23/05/2006,7.03
24/05/2006,7.04
25/05/2006,7.04
26/05/2006,7.03
29/05/2006,7.03
30/05/2006,7.02
31/05/2006,7.03
01/06/2006,7.03
02/06/2006,7.03
05/06/2006,7.03
06/06/2006,7.03
07/06/2006,7.03
08/06/2006,7.03
09/06/2006,7.03
12/06/2006,7.03
13/06/2006,7.03
14/06/2006,7.02
15/06/2006,7.02
16/06/2006,7.02
19/06/2006,7.02
20/06/2006,7.02
21/06/2006,7.03
22/06/2006,7.02
23/06/2006,7.02
26/06/2006,7.02
27/06/2006,7.01
28/06/2006,7.02
29/06/2006,7.02
30/06/2006,7.05
03/07/2006,7.02
04/07/2006,7.02
05/07/2006,7.02
06/07/2006,7.02
07/07/2006,7.02
10/07/2006,7.02
11/07/2006,7.03
12/07/2006,7.03
13/07/2006,7.03
14/07/2006,7.03
17/07/2006,7.02
18/07/2006,7.02
19/07/2006,7.02
20/07/2006,7.03
21/07/2006,7.02
24/07/2006,7.02
25/07/2006,7.02
26/07/2006,7.02
27/07/2006,7.02
28/07/2006,7.02
31/07/2006,7.05
01/08/2006,7.03
02/08/2006,7.03
03/08/2006,7.03
04/08/2006,7.03
07/08/2006,7.03
08/08/2006,7.03
09/08/2006,7.03
10/08/2006,7.03
11/08/2006,7.03
14/08/2006,7.03
15/08/2006,7.03
16/08/2006,7.02
17/08/2006,7.03
18/08/2006,7.03
21/08/2006,7.03
22/08/2006,7.03
23/08/2006,7.03
24/08/2006,7.01
25/08/2006,7
28/08/2006,7.01
29/08/2006,7.01
30/08/2006,7.01
31/08/2006,7.05
01/09/2006,7.04
04/09/2006,7.05
05/09/2006,7.14
06/09/2006,7.08
07/09/2006,7.08
08/09/2006,7.07
11/09/2006,7.08
12/09/2006,7.12
13/09/2006,7.16
14/09/2006,7.05
15/09/2006,7.05
18/09/2006,7.05
19/09/2006,7.04
20/09/2006,7.03
21/09/2006,7.03
22/09/2006,7.03
25/09/2006,7.01
26/09/2006,7.01
27/09/2006,7.01
28/09/2006,7.01
29/09/2006,7.15
02/10/2006,7.01
03/10/2006,7.01
04/10/2006,7.01
05/10/2006,7.01
06/10/2006,7.02
09/10/2006,7.02
10/10/2006,7.02
11/10/2006,7.02
12/10/2006,7.02
13/10/2006,7.02
16/10/2006,7.02
17/10/2006,7.02
18/10/2006,7.02
19/10/2006,7.02
20/10/2006,7.02
23/10/2006,7.02
24/10/2006,7.02
25/10/2006,7.02
26/10/2006,7.02
27/10/2006,7.01
30/10/2006,7.02
31/10/2006,7.15
01/11/2006,7.02
03/11/2006,7.02
06/11/2006,7.02
07/11/2006,7.02
08/11/2006,7.02
09/11/2006,7.02
10/11/2006,7.03
13/11/2006,7.04
14/11/2006,7.05
15/11/2006,7.03
16/11/2006,7.04
17/11/2006,7.06
21/11/2006,7.05
22/11/2006,7.05
23/11/2006,7.03
24/11/2006,7.03
27/11/2006,7.03
28/11/2006,7.03
29/11/2006,7.03
30/11/2006,7.15
04/12/2006,7.03
05/12/2006,7.05
06/12/2006,7.05
07/12/2006,7.03
08/12/2006,7.03
11/12/2006,7.03
13/12/2006,7.17
14/12/2006,7.3
15/12/2006,7.15
18/12/2006,7.05
19/12/2006,7.05
20/12/2006,7.05
21/12/2006,7.05
22/12/2006,7.05
26/12/2006,7.05
27/12/2006,7.05
28/12/2006,7.05
29/12/2006,7.05
02/01/2007,7.05
03/01/2007,7.05
04/01/2007,7.05
05/01/2007,7.05
08/01/2007,7.02
09/01/2007,7.03
10/01/2007,7.03
11/01/2007,7.03
12/01/2007,7.03
15/01/2007,7.03
16/01/2007,7.03
17/01/2007,7.03
18/01/2007,7.03
19/01/2007,7.03
22/01/2007,7.03
23/01/2007,7.03
24/01/2007,7.02
25/01/2007,7.02
26/01/2007,7.02
29/01/2007,7.02
30/01/2007,7.02
31/01/2007,7.02
01/02/2007,7.02
02/02/2007,7.02
06/02/2007,7.02
07/02/2007,7.02
08/02/2007,7.02
09/02/2007,7.02
12/02/2007,7.03
13/02/2007,7.03
14/02/2007,7.03
15/02/2007,7.03
16/02/2007,7.03
19/02/2007,7.02
20/02/2007,7.03
21/02/2007,7.03
22/02/2007,7.03
23/02/2007,7.03
26/02/2007,7.02
27/02/2007,7.03
28/02/2007,7.17
01/03/2007,7.03
02/03/2007,7.03
05/03/2007,7.03
06/03/2007,7.03
07/03/2007,7.03
08/03/2007,7.03
09/03/2007,7.03
12/03/2007,7.03
13/03/2007,7.03
14/03/2007,7.03
15/03/2007,7.03
16/03/2007,7.07
20/03/2007,7.03
21/03/2007,7.03
22/03/2007,7.03
23/03/2007,7.03
26/03/2007,7.03
27/03/2007,7.03
28/03/2007,7.03
29/03/2007,7.03
30/03/2007,7.09
02/04/2007,7.03
03/04/2007,7.03
04/04/2007,7.03
09/04/2007,7.03
10/04/2007,7.03
11/04/2007,7.03
12/04/2007,7.03
13/04/2007,7.03
16/04/2007,7.03
17/04/2007,7.03
18/04/2007,7.03
19/04/2007,7.03
20/04/2007,7.03
23/04/2007,7.03
24/04/2007,7.03
25/04/2007,7.03
26/04/2007,7.03
27/04/2007,7.27
30/04/2007,7.33
02/05/2007,7.27
03/05/2007,7.27
04/05/2007,7.27
07/05/2007,7.27
08/05/2007,7.28
09/05/2007,7.28
10/05/2007,7.31
11/05/2007,7.28
14/05/2007,7.28
15/05/2007,7.3
16/05/2007,7.34
17/05/2007,7.32
18/05/2007,7.33
21/05/2007,7.32
22/05/2007,7.32
23/05/2007,7.31
24/05/2007,7.27
25/05/2007,7.26
28/05/2007,7.25
29/05/2007,7.26
30/05/2007,7.26
31/05/2007,7.35
01/06/2007,7.27
04/06/2007,7.26
05/06/2007,7.27
06/06/2007,7.27
07/06/2007,7.27
08/06/2007,7.27
11/06/2007,7.27
12/06/2007,7.28
13/06/2007,7.28
14/06/2007,7.28
15/06/2007,7.27
18/06/2007,7.27
19/06/2007,7.29
20/06/2007,7.29
21/06/2007,7.28
22/06/2007,7.27
25/06/2007,7.26
26/06/2007,7.26
27/06/2007,7.26
28/06/2007,7.26
29/06/2007,7.32
02/07/2007,7.26
03/07/2007,7.28
04/07/2007,7.27
05/07/2007,7.28
06/07/2007,7.3
09/07/2007,7.28
10/07/2007,7.3
11/07/2007,7.3
12/07/2007,7.32
13/07/2007,7.28
16/07/2007,7.28
17/07/2007,7.28
18/07/2007,7.29
19/07/2007,7.3
20/07/2007,7.28
23/07/2007,7.26
24/07/2007,7.25
25/07/2007,7.25
26/07/2007,7.25
27/07/2007,7.25
30/07/2007,7.26
31/07/2007,7.35
01/08/2007,7.27
02/08/2007,7.27
03/08/2007,7.27
06/08/2007,7.3
07/08/2007,7.32
08/08/2007,7.3
09/08/2007,7.29
10/08/2007,7.27
13/08/2007,7.27
14/08/2007,7.27
15/08/2007,7.27
16/08/2007,7.27
17/08/2007,7.25
20/08/2007,7.26
21/08/2007,7.26
22/08/2007,7.26
23/08/2007,7.26
24/08/2007,7.26
27/08/2007,7.25
28/08/2007,7.25
29/08/2007,7.25
30/08/2007,7.26
31/08/2007,7.31
03/09/2007,7.26
04/09/2007,7.26
05/09/2007,7.26
06/09/2007,7.25
07/09/2007,7.25
10/09/2007,7.25
11/09/2007,7.25
12/09/2007,7.25
13/09/2007,7.24
14/09/2007,7.24
17/09/2007,7.24
18/09/2007,7.24
19/09/2007,7.23
20/09/2007,7.23
21/09/2007,7.22
24/09/2007,7.19
25/09/2007,7.15
26/09/2007,7.17
27/09/2007,7.24
28/09/2007,7.28
01/10/2007,7.24
02/10/2007,7.24
03/10/2007,7.23
04/10/2007,7.23
05/10/2007,7.23
08/10/2007,7.22
09/10/2007,7.2
10/10/2007,7.2
11/10/2007,7.23
12/10/2007,7.26
15/10/2007,7.26
16/10/2007,7.26
17/10/2007,7.27
18/10/2007,7.27
19/10/2007,7.27
22/10/2007,7.26
23/10/2007,7.26
24/10/2007,7.25
25/10/2007,7.22
26/10/2007,7.45
29/10/2007,7.38
30/10/2007,7.43
31/10/2007,7.46
01/11/2007,7.47
05/11/2007,7.45
06/11/2007,7.45
07/11/2007,7.48
08/11/2007,7.5
09/11/2007,7.51
12/11/2007,7.53
13/11/2007,7.53
14/11/2007,7.53
15/11/2007,7.54
16/11/2007,7.52
20/11/2007,7.52
21/11/2007,7.52
22/11/2007,7.52
23/11/2007,7.5
26/11/2007,7.49
27/11/2007,7.5
28/11/2007,7.5
29/11/2007,7.5
30/11/2007,7.52
03/12/2007,7.5
04/12/2007,7.5
05/12/2007,7.5
06/12/2007,7.5
07/12/2007,7.51
10/12/2007,7.5
11/12/2007,7.51
13/12/2007,7.51
14/12/2007,7.52
17/12/2007,7.53
18/12/2007,7.53
19/12/2007,7.53
20/12/2007,7.53
21/12/2007,7.54
24/12/2007,7.54
26/12/2007,7.54
27/12/2007,7.54
28/12/2007,7.55
31/12/2007,7.68
02/01/2008,7.53
03/01/2008,7.53
04/01/2008,7.53
07/01/2008,7.52
08/01/2008,7.51
09/01/2008,7.51
10/01/2008,7.51
11/01/2008,7.51
14/01/2008,7.51
15/01/2008,7.51
16/01/2008,7.52
17/01/2008,7.52
18/01/2008,7.52
21/01/2008,7.51
22/01/2008,7.51
23/01/2008,7.5
24/01/2008,7.5
25/01/2008,7.51
28/01/2008,7.51
29/01/2008,7.52
30/01/2008,7.52
31/01/2008,7.55
01/02/2008,7.52
05/02/2008,7.51
06/02/2008,7.5
07/02/2008,7.5
08/02/2008,7.5
11/02/2008,7.5
12/02/2008,7.5
13/02/2008,7.49
14/02/2008,7.49
15/02/2008,7.49
18/02/2008,7.49
19/02/2008,7.5
20/02/2008,7.5
21/02/2008,7.5
22/02/2008,7.5
25/02/2008,7.5
26/02/2008,7.49
27/02/2008,7.49
28/02/2008,7.49
29/02/2008,7.53
03/03/2008,7.5
04/03/2008,7.5
05/03/2008,7.5
06/03/2008,7.5
07/03/2008,7.5
10/03/2008,7.5
11/03/2008,7.5
12/03/2008,7.5
13/03/2008,7.51
14/03/2008,7.52
18/03/2008,7.53
19/03/2008,7.58
24/03/2008,7.51
25/03/2008,7.47
26/03/2008,7.48
27/03/2008,7.48
28/03/2008,7.48
31/03/2008,7.52
01/04/2008,7.48
02/04/2008,7.48
03/04/2008,7.5
04/04/2008,7.5
07/04/2008,7.49
08/04/2008,7.49
09/04/2008,7.49
10/04/2008,7.49
11/04/2008,7.49
14/04/2008,7.49
15/04/2008,7.49
16/04/2008,7.5
17/04/2008,7.5
18/04/2008,7.5
21/04/2008,7.5
22/04/2008,7.5
23/04/2008,7.49
24/04/2008,7.5
25/04/2008,7.5
28/04/2008,7.5
29/04/2008,7.5
30/04/2008,7.52
02/05/2008,7.49
05/05/2008,7.5
06/05/2008,7.5
07/05/2008,7.5
08/05/2008,7.5
09/05/2008,7.5
12/05/2008,7.5
13/05/2008,7.5
14/05/2008,7.51
15/05/2008,7.51
16/05/2008,7.5
19/05/2008,7.5
20/05/2008,7.51
21/05/2008,7.51
22/05/2008,7.5
23/05/2008,7.5
26/05/2008,7.5
27/05/2008,7.51
28/05/2008,7.5
29/05/2008,7.5
30/05/2008,7.52
02/06/2008,7.5
03/06/2008,7.51
04/06/2008,7.51
05/06/2008,7.51
06/06/2008,7.51
09/06/2008,7.51
10/06/2008,7.51
11/06/2008,7.51
12/06/2008,7.51
13/06/2008,7.54
16/06/2008,7.52
17/06/2008,7.53
18/06/2008,7.56
19/06/2008,7.56
20/06/2008,7.75
23/06/2008,7.74
24/06/2008,7.74
25/06/2008,7.74
26/06/2008,7.75
27/06/2008,7.75
30/06/2008,7.8
01/07/2008,7.75
02/07/2008,7.76
03/07/2008,7.75
04/07/2008,7.75
07/07/2008,7.76
08/07/2008,7.76
09/07/2008,7.76
10/07/2008,7.75
11/07/2008,7.75
14/07/2008,7.75
15/07/2008,7.76
16/07/2008,7.76
17/07/2008,7.78
18/07/2008,8.03
21/07/2008,8
22/07/2008,7.96
23/07/2008,7.98
24/07/2008,7.98
25/07/2008,7.98
28/07/2008,7.98
29/07/2008,7.99
30/07/2008,7.98
31/07/2008,8.05
01/08/2008,7.98
04/08/2008,7.98
05/08/2008,7.99
06/08/2008,7.99
07/08/2008,7.97
08/08/2008,7.98
11/08/2008,7.98
12/08/2008,7.98
13/08/2008,7.98
14/08/2008,7.98
15/08/2008,8.23
18/08/2008,8.24
19/08/2008,8.25
20/08/2008,8.25
21/08/2008,8.24
22/08/2008,8.22
25/08/2008,8.22
26/08/2008,8.23
27/08/2008,8.23
28/08/2008,8.24
29/08/2008,8.27
01/09/2008,8.23
02/09/2008,8.23
03/09/2008,8.23
04/09/2008,8.23
05/09/2008,8.23
08/09/2008,8.23
09/09/2008,8.23
10/09/2008,8.25
11/09/2008,8.26
12/09/2008,8.25
15/09/2008,8.28
17/09/2008,8.26
18/09/2008,8.26
19/09/2008,8.26
22/09/2008,8.24
23/09/2008,8.24
24/09/2008,8.23
25/09/2008,8.24
26/09/2008,8.25
29/09/2008,8.25
30/09/2008,8.28
01/10/2008,8.24
02/10/2008,8.24
03/10/2008,8.24
06/10/2008,8.24
07/10/2008,8.2
08/10/2008,8.12
09/10/2008,8.06
10/10/2008,8.02
13/10/2008,8.05
14/10/2008,8.15
15/10/2008,8.05
16/10/2008,7.6
17/10/2008,7.5
20/10/2008,7.33
21/10/2008,7.95
22/10/2008,7.4
23/10/2008,7
24/10/2008,6.4
27/10/2008,6.85
28/10/2008,7.45
29/10/2008,7.6
30/10/2008,7.55
31/10/2008,8
03/11/2008,7.5
04/11/2008,7.6
05/11/2008,7.55
06/11/2008,7.55
07/11/2008,7.65
10/11/2008,7.8
11/11/2008,7.87
12/11/2008,8
13/11/2008,8.08
14/11/2008,8.13
18/11/2008,8.07
19/11/2008,8.13
20/11/2008,8.14
21/11/2008,8.14
24/11/2008,8.09
25/11/2008,8.12
26/11/2008,8.07
27/11/2008,8.07
28/11/2008,8.13
01/12/2008,8.19
02/12/2008,8.14
03/12/2008,8.1
04/12/2008,8.14
05/12/2008,8.16
08/12/2008,8.17
09/12/2008,8.19
10/12/2008,8.2
11/12/2008,8.24
15/12/2008,8.23
16/12/2008,8.3
17/12/2008,8.33
18/12/2008,8.33
19/12/2008,8.3
22/12/2008,8.3
23/12/2008,8.3
24/12/2008,8.3
26/12/2008,8.3
29/12/2008,8.3
30/12/2008,8.3
31/12/2008,8.35
02/01/2009,8.27
05/01/2009,8.25
06/01/2009,8.25
07/01/2009,8.26
08/01/2009,8.26
09/01/2009,8.26
12/01/2009,8.26
13/01/2009,8.27
14/01/2009,8.27
15/01/2009,8.27
16/01/2009,7.76
19/01/2009,7.77
20/01/2009,7.77
21/01/2009,7.76
22/01/2009,7.75
23/01/2009,7.65
26/01/2009,7.72
27/01/2009,7.71
28/01/2009,7.72
29/01/2009,7.72
30/01/2009,7.75
03/02/2009,7.73
04/02/2009,7.73
05/02/2009,7.73
06/02/2009,7.73
09/02/2009,7.74
10/02/2009,7.74
11/02/2009,7.74
12/02/2009,7.76
13/02/2009,7.75
16/02/2009,7.75
17/02/2009,7.76
18/02/2009,7.76
19/02/2009,7.77
20/02/2009,7.53
23/02/2009,7.54
24/02/2009,7.52
25/02/2009,7.51
26/02/2009,7.5
27/02/2009,7.54
02/03/2009,7.5
03/03/2009,7.49
04/03/2009,7.49
05/03/2009,7.49
06/03/2009,7.49
09/03/2009,7.49
10/03/2009,7.49
11/03/2009,7.49
12/03/2009,7.49
13/03/2009,7.51
17/03/2009,7.5
18/03/2009,7.53
19/03/2009,7.56
20/03/2009,6.77
23/03/2009,6.77
24/03/2009,6.78
25/03/2009,6.78
26/03/2009,6.76
27/03/2009,6.75
30/03/2009,6.75
31/03/2009,6.79
01/04/2009,6.76
02/04/2009,6.76
03/04/2009,6.76
06/04/2009,6.76
07/04/2009,6.79
08/04/2009,6.8
13/04/2009,6.78
14/04/2009,6.8
15/04/2009,6.79
16/04/2009,6.81
17/04/2009,6.04
20/04/2009,6.04
21/04/2009,6.04
22/04/2009,6.03
23/04/2009,5.97
24/04/2009,5.96
27/04/2009,5.99
28/04/2009,5.99
29/04/2009,5.99
30/04/2009,6.03
04/05/2009,5.98
05/05/2009,5.98
06/05/2009,5.97
07/05/2009,5.98
08/05/2009,6
11/05/2009,6.01
12/05/2009,6.01
13/05/2009,6.02
14/05/2009,6.02
15/05/2009,5.27
18/05/2009,5.26
19/05/2009,5.26
20/05/2009,5.26
21/05/2009,5.24
22/05/2009,5.23
25/05/2009,5.22
26/05/2009,5.22
27/05/2009,5.21
28/05/2009,5.22
29/05/2009,5.29
01/06/2009,5.23
02/06/2009,5.23
03/06/2009,5.22
04/06/2009,5.22
05/06/2009,5.22
08/06/2009,5.23
09/06/2009,5.23
10/06/2009,5.22
11/06/2009,5.22
12/06/2009,5.23
15/06/2009,5.22
16/06/2009,5.22
17/06/2009,5.23
18/06/2009,5.27
19/06/2009,4.75
22/06/2009,4.75
23/06/2009,4.75
24/06/2009,4.75
25/06/2009,4.75
26/06/2009,4.78
29/06/2009,4.78
30/06/2009,4.85
01/07/2009,4.77
02/07/2009,4.77
03/07/2009,4.78
06/07/2009,4.8
07/07/2009,4.81
08/07/2009,4.79
09/07/2009,4.78
10/07/2009,4.78
13/07/2009,4.78
14/07/2009,4.79
15/07/2009,4.79
16/07/2009,4.8
17/07/2009,4.52
20/07/2009,4.51
21/07/2009,4.52
22/07/2009,4.5
23/07/2009,4.48
24/07/2009,4.42
27/07/2009,4.49
28/07/2009,4.48
29/07/2009,4.48
30/07/2009,4.51
31/07/2009,4.58
03/08/2009,4.48
04/08/2009,4.49
05/08/2009,4.5
06/08/2009,4.49
07/08/2009,4.47
10/08/2009,4.47
11/08/2009,4.47
12/08/2009,4.47
13/08/2009,4.48
14/08/2009,4.51
17/08/2009,4.51
18/08/2009,4.51
19/08/2009,4.49
20/08/2009,4.47
21/08/2009,4.48
24/08/2009,4.48
25/08/2009,4.47
26/08/2009,4.47
27/08/2009,4.48
28/08/2009,4.47
31/08/2009,4.53
01/09/2009,4.49
02/09/2009,4.52
03/09/2009,4.49
04/09/2009,4.49
07/09/2009,4.49
08/09/2009,4.5
09/09/2009,4.51
10/09/2009,4.51
11/09/2009,4.52
14/09/2009,4.51
15/09/2009,4.53
17/09/2009,4.52
18/09/2009,4.53
21/09/2009,4.51
22/09/2009,4.49
23/09/2009,4.48
24/09/2009,4.46
25/09/2009,4.49
28/09/2009,4.52
29/09/2009,4.57
30/09/2009,4.65
01/10/2009,4.5
02/10/2009,4.52
05/10/2009,4.48
06/10/2009,4.47
07/10/2009,4.48
08/10/2009,4.51
09/10/2009,4.52
12/10/2009,4.5
13/10/2009,4.5
14/10/2009,4.51
15/10/2009,4.54
16/10/2009,4.57
19/10/2009,4.53
20/10/2009,4.54
21/10/2009,4.5
22/10/2009,4.5
23/10/2009,4.5
26/10/2009,4.49
27/10/2009,4.5
28/10/2009,4.54
29/10/2009,4.55
30/10/2009,4.58
03/11/2009,4.52
04/11/2009,4.6
05/11/2009,4.64
06/11/2009,4.7
09/11/2009,4.61
10/11/2009,4.7
11/11/2009,4.73
12/11/2009,4.67
13/11/2009,4.51
17/11/2009,4.51
18/11/2009,4.54
19/11/2009,4.53
20/11/2009,4.53
23/11/2009,4.51
24/11/2009,4.51
25/11/2009,4.52
26/11/2009,4.52
27/11/2009,4.58
30/11/2009,4.56
01/12/2009,4.53
02/12/2009,4.55
03/12/2009,4.54
04/12/2009,4.54
07/12/2009,4.54
08/12/2009,4.53
09/12/2009,4.54
10/12/2009,4.55
11/12/2009,4.58
14/12/2009,4.58
15/12/2009,4.75
16/12/2009,4.56
17/12/2009,4.56
18/12/2009,4.55
21/12/2009,4.59
22/12/2009,4.6
23/12/2009,4.95
24/12/2009,4.6
28/12/2009,4.6
29/12/2009,4.56
30/12/2009,4.57
31/12/2009,4.7
04/01/2010,4.55
05/01/2010,4.56
06/01/2010,4.55
07/01/2010,4.55
08/01/2010,4.56
11/01/2010,4.57
12/01/2010,4.58
13/01/2010,4.57
14/01/2010,4.56
15/01/2010,4.6
18/01/2010,4.59
19/01/2010,4.6
20/01/2010,4.6
21/01/2010,4.59
22/01/2010,4.59
25/01/2010,4.56
26/01/2010,4.57
27/01/2010,4.58
28/01/2010,4.58
29/01/2010,4.73
02/02/2010,4.6
03/02/2010,4.6
04/02/2010,4.61
05/02/2010,4.75
08/02/2010,4.68
09/02/2010,4.75
10/02/2010,4.83
11/02/2010,4.65
12/02/2010,4.63
15/02/2010,4.61
16/02/2010,4.62
17/02/2010,4.63
18/02/2010,4.63
19/02/2010,4.64
22/02/2010,4.63
23/02/2010,4.61
24/02/2010,4.61
25/02/2010,4.56
26/02/2010,4.56
01/03/2010,4.56
02/03/2010,4.56
03/03/2010,4.56
04/03/2010,4.56
05/03/2010,4.56
08/03/2010,4.56
09/03/2010,4.56
10/03/2010,4.56
11/03/2010,4.56
12/03/2010,4.56
16/03/2010,4.56
17/03/2010,4.56
18/03/2010,4.56
19/03/2010,4.56
22/03/2010,4.56
23/03/2010,4.57
24/03/2010,4.57
25/03/2010,4.56
26/03/2010,4.56
29/03/2010,4.57
30/03/2010,4.58
31/03/2010,4.59
05/04/2010,4.58
06/04/2010,4.59
07/04/2010,4.58
08/04/2010,4.58
09/04/2010,4.59
12/04/2010,4.59
13/04/2010,4.59
14/04/2010,4.6
15/04/2010,4.59
16/04/2010,4.6
19/04/2010,4.59
20/04/2010,4.59
21/04/2010,4.59
22/04/2010,4.59
23/04/2010,4.59
26/04/2010,4.59
27/04/2010,4.59
28/04/2010,4.6
29/04/2010,4.6
30/04/2010,4.68
03/05/2010,4.59
04/05/2010,4.6
05/05/2010,4.61
06/05/2010,4.63
07/05/2010,4.67
10/05/2010,4.6
11/05/2010,4.6
12/05/2010,4.6
13/05/2010,4.61
14/05/2010,4.62
17/05/2010,4.62
18/05/2010,4.62
19/05/2010,4.6
20/05/2010,4.58
21/05/2010,4.58
24/05/2010,4.58
25/05/2010,4.58
26/05/2010,4.58
27/05/2010,4.58
28/05/2010,4.58
31/05/2010,4.6
01/06/2010,4.58
02/06/2010,4.58
03/06/2010,4.58
04/06/2010,4.58
07/06/2010,4.58
08/06/2010,4.58
09/06/2010,4.58
10/06/2010,4.58
11/06/2010,4.59
14/06/2010,4.58
15/06/2010,4.58
16/06/2010,4.59
17/06/2010,4.59
18/06/2010,4.59
21/06/2010,4.59
22/06/2010,4.59
23/06/2010,4.6
24/06/2010,4.6
25/06/2010,4.59
28/06/2010,4.6
29/06/2010,4.6
30/06/2010,4.64
01/07/2010,4.61
02/07/2010,4.61
05/07/2010,4.61
06/07/2010,4.6
07/07/2010,4.61
08/07/2010,4.6
09/07/2010,4.61
12/07/2010,4.61
13/07/2010,4.61
14/07/2010,4.61
15/07/2010,4.62
16/07/2010,4.62
19/07/2010,4.62
20/07/2010,4.63
21/07/2010,4.63
22/07/2010,4.63
23/07/2010,4.63
26/07/2010,4.63
27/07/2010,4.63
28/07/2010,4.61
29/07/2010,4.56
30/07/2010,4.6
02/08/2010,4.58
03/08/2010,4.57
04/08/2010,4.57
05/08/2010,4.58
06/08/2010,4.58
09/08/2010,4.58
10/08/2010,4.59
11/08/2010,4.6
12/08/2010,4.6
13/08/2010,4.6
16/08/2010,4.61
17/08/2010,4.61
18/08/2010,4.62
19/08/2010,4.62
20/08/2010,4.62
23/08/2010,4.62
24/08/2010,4.61
25/08/2010,4.61
26/08/2010,4.61
27/08/2010,4.6
30/08/2010,4.57
31/08/2010,4.58
01/09/2010,4.57
02/09/2010,4.56
03/09/2010,4.56
06/09/2010,4.55
07/09/2010,4.55
08/09/2010,4.55
09/09/2010,4.55
10/09/2010,4.55
13/09/2010,4.55
14/09/2010,4.55
15/09/2010,4.57
20/09/2010,4.56
21/09/2010,4.56
22/09/2010,4.56
23/09/2010,4.55
24/09/2010,4.55
27/09/2010,4.55
28/09/2010,4.56
29/09/2010,4.55
30/09/2010,4.58
01/10/2010,4.57
04/10/2010,4.58
05/10/2010,4.58
06/10/2010,4.56
07/10/2010,4.54
08/10/2010,4.55
11/10/2010,4.55
12/10/2010,4.54
13/10/2010,4.48
14/10/2010,4.43
15/10/2010,4.42
18/10/2010,4.5
19/10/2010,4.48
20/10/2010,4.51
21/10/2010,4.52
22/10/2010,4.53
25/10/2010,4.52
26/10/2010,4.53
27/10/2010,4.53
28/10/2010,4.52
29/10/2010,4.55
01/11/2010,4.55
03/11/2010,4.55
04/11/2010,4.59
05/11/2010,4.56
08/11/2010,4.54
09/11/2010,4.55
10/11/2010,4.54
11/11/2010,4.55
12/11/2010,4.55
16/11/2010,4.55
17/11/2010,4.58
18/11/2010,4.57
19/11/2010,4.55
22/11/2010,4.56
23/11/2010,4.55
24/11/2010,4.55
25/11/2010,4.54
26/11/2010,4.54
29/11/2010,4.55
30/11/2010,4.6
01/12/2010,4.6
02/12/2010,4.65
03/12/2010,4.6
06/12/2010,4.56
07/12/2010,4.56
08/12/2010,4.55
09/12/2010,4.56
10/12/2010,4.6
13/12/2010,4.59
14/12/2010,4.61
15/12/2010,4.66
16/12/2010,4.65
17/12/2010,4.63
20/12/2010,4.67
21/12/2010,4.62
22/12/2010,4.6
23/12/2010,4.56
24/12/2010,4.75
27/12/2010,4.65
28/12/2010,4.59
29/12/2010,4.55
30/12/2010,4.57
31/12/2010,4.58
03/01/2011,4.56
04/01/2011,4.55
05/01/2011,4.55
06/01/2011,4.55
07/01/2011,4.55
10/01/2011,4.55
11/01/2011,4.55
12/01/2011,4.54
13/01/2011,4.55
14/01/2011,4.55
17/01/2011,4.55
18/01/2011,4.55
19/01/2011,4.55
20/01/2011,4.55
21/01/2011,4.55
24/01/2011,4.55
25/01/2011,4.55
26/01/2011,4.55
27/01/2011,4.54
28/01/2011,4.54
31/01/2011,4.56
01/02/2011,4.54
02/02/2011,4.54
03/02/2011,4.54
04/02/2011,4.54
08/02/2011,4.54
09/02/2011,4.54
10/02/2011,4.53
11/02/2011,4.53
14/02/2011,4.53
15/02/2011,4.53
16/02/2011,4.52
17/02/2011,4.51
18/02/2011,4.4
21/02/2011,4.52
22/02/2011,4.53
23/02/2011,4.52
24/02/2011,4.51
25/02/2011,4.47
28/02/2011,4.51
01/03/2011,4.48
02/03/2011,4.48
03/03/2011,4.48
04/03/2011,4.48
07/03/2011,4.48
08/03/2011,4.48
09/03/2011,4.48
10/03/2011,4.48
11/03/2011,4.49
14/03/2011,4.49
15/03/2011,4.48
16/03/2011,4.48
17/03/2011,4.49
18/03/2011,4.5
22/03/2011,4.49
23/03/2011,4.49
24/03/2011,4.5
25/03/2011,4.5
28/03/2011,4.5
29/03/2011,4.5
30/03/2011,4.5
31/03/2011,4.5
01/04/2011,4.5
04/04/2011,4.5
05/04/2011,4.5
06/04/2011,4.5
07/04/2011,4.51
08/04/2011,4.5
11/04/2011,4.5
12/04/2011,4.5
13/04/2011,4.5
14/04/2011,4.51
15/04/2011,4.5
18/04/2011,4.51
19/04/2011,4.5
20/04/2011,4.52
25/04/2011,4.51
26/04/2011,4.51
27/04/2011,4.51
28/04/2011,4.5
29/04/2011,4.51
02/05/2011,4.5
03/05/2011,4.5
04/05/2011,4.5
05/05/2011,4.5
06/05/2011,4.48
09/05/2011,4.48
10/05/2011,4.48
11/05/2011,4.48
12/05/2011,4.48
13/05/2011,4.48
16/05/2011,4.49
17/05/2011,4.49
18/05/2011,4.49
19/05/2011,4.49
20/05/2011,4.49
23/05/2011,4.48
24/05/2011,4.46
25/05/2011,4.39
26/05/2011,4.34
27/05/2011,4.35
30/05/2011,4.42
31/05/2011,4.49
01/06/2011,4.45
02/06/2011,4.45
03/06/2011,4.44
06/06/2011,4.45
07/06/2011,4.46
08/06/2011,4.48
09/06/2011,4.48
10/06/2011,4.49
13/06/2011,4.5
14/06/2011,4.5
15/06/2011,4.5
16/06/2011,4.51
17/06/2011,4.53
20/06/2011,4.5
21/06/2011,4.51
22/06/2011,4.51
23/06/2011,4.51
24/06/2011,4.51
27/06/2011,4.51
28/06/2011,4.51
29/06/2011,4.51
30/06/2011,4.53
01/07/2011,4.51
04/07/2011,4.5
05/07/2011,4.48
06/07/2011,4.45
07/07/2011,4.45
08/07/2011,4.45
11/07/2011,4.45
12/07/2011,4.46
13/07/2011,4.47
14/07/2011,4.46
15/07/2011,4.48
18/07/2011,4.48
19/07/2011,4.49
20/07/2011,4.49
21/07/2011,4.49
22/07/2011,4.48
25/07/2011,4.47
26/07/2011,4.47
27/07/2011,4.46
28/07/2011,4.46
29/07/2011,4.46
01/08/2011,4.45
02/08/2011,4.45
03/08/2011,4.45
04/08/2011,4.45
05/08/2011,4.52
08/08/2011,4.45
09/08/2011,4.44
10/08/2011,4.45
11/08/2011,4.43
12/08/2011,4.46
15/08/2011,4.46
16/08/2011,4.46
17/08/2011,4.45
18/08/2011,4.45
19/08/2011,4.45
22/08/2011,4.44
23/08/2011,4.44
24/08/2011,4.44
25/08/2011,4.44
26/08/2011,4.4
29/08/2011,4.4
30/08/2011,4.4
31/08/2011,4.37
01/09/2011,4.36
02/09/2011,4.35
05/09/2011,4.35
06/09/2011,4.35
07/09/2011,4.35
08/09/2011,4.34
09/09/2011,4.34
12/09/2011,4.31
13/09/2011,4.34
14/09/2011,4.33
15/09/2011,4.29
19/09/2011,4.29
20/09/2011,4.32
21/09/2011,4.4
22/09/2011,4.52
23/09/2011,4.52
26/09/2011,4.46
27/09/2011,4.38
28/09/2011,4.36
29/09/2011,4.36
30/09/2011,4.39
03/10/2011,4.38
04/10/2011,4.42
05/10/2011,4.4
06/10/2011,4.38
07/10/2011,4.36
10/10/2011,4.36
11/10/2011,4.36
12/10/2011,4.35
13/10/2011,4.36
14/10/2011,4.36
17/10/2011,4.33
18/10/2011,4.33
19/10/2011,4.33
20/10/2011,4.31
21/10/2011,4.35
24/10/2011,4.39
25/10/2011,4.41
26/10/2011,4.41
27/10/2011,4.38
28/10/2011,4.35
31/10/2011,4.42
01/11/2011,4.4
03/11/2011,4.4
04/11/2011,4.39
07/11/2011,4.4
08/11/2011,4.38
09/11/2011,4.37
10/11/2011,4.37
11/11/2011,4.37
14/11/2011,4.37
15/11/2011,4.37
16/11/2011,4.37
17/11/2011,4.42
18/11/2011,4.39
22/11/2011,4.39
23/11/2011,4.41
24/11/2011,4.42
25/11/2011,4.43
28/11/2011,4.43
29/11/2011,4.5
30/11/2011,4.6
01/12/2011,4.43
02/12/2011,4.45
05/12/2011,4.44
06/12/2011,4.43
07/12/2011,4.42
08/12/2011,4.42
09/12/2011,4.48
13/12/2011,4.47
14/12/2011,4.5
15/12/2011,4.55
16/12/2011,4.55
19/12/2011,4.55
20/12/2011,4.55
21/12/2011,4.55
22/12/2011,4.55
23/12/2011,4.53
26/12/2011,4.54
27/12/2011,4.52
28/12/2011,4.52
29/12/2011,4.51
30/12/2011,4.52
02/01/2012,4.52
03/01/2012,4.52
04/01/2012,4.5
05/01/2012,4.5
06/01/2012,4.49
09/01/2012,4.48
10/01/2012,4.48
11/01/2012,4.46
12/01/2012,4.44
13/01/2012,4.45
16/01/2012,4.45
17/01/2012,4.45
18/01/2012,4.42
19/01/2012,4.41
20/01/2012,4.41
23/01/2012,4.5
24/01/2012,4.52
25/01/2012,4.51
26/01/2012,4.5
27/01/2012,4.5
30/01/2012,4.5
31/01/2012,4.53
01/02/2012,4.51
02/02/2012,4.51
03/02/2012,4.49
07/02/2012,4.5
08/02/2012,4.5
09/02/2012,4.5
10/02/2012,4.5
13/02/2012,4.5
14/02/2012,4.5
15/02/2012,4.49
16/02/2012,4.49
17/02/2012,4.49
20/02/2012,4.49
21/02/2012,4.5
22/02/2012,4.49
23/02/2012,4.49
24/02/2012,4.5
27/02/2012,4.49
28/02/2012,4.49
29/02/2012,4.51
01/03/2012,4.49
02/03/2012,4.5
05/03/2012,4.5
06/03/2012,4.5
07/03/2012,4.51
08/03/2012,4.49
09/03/2012,4.5
12/03/2012,4.5
13/03/2012,4.5
14/03/2012,4.5
15/03/2012,4.49
16/03/2012,4.5
20/03/2012,4.5
21/03/2012,4.5
22/03/2012,4.5
23/03/2012,4.49
26/03/2012,4.49
27/03/2012,4.49
28/03/2012,4.49
29/03/2012,4.49
30/03/2012,4.52
02/04/2012,4.5
03/04/2012,4.51
04/04/2012,4.52
09/04/2012,4.49
10/04/2012,4.49
11/04/2012,4.49
12/04/2012,4.5
13/04/2012,4.49
16/04/2012,4.49
17/04/2012,4.48
18/04/2012,4.38
19/04/2012,4.34
20/04/2012,4.47
23/04/2012,4.5
24/04/2012,4.5
25/04/2012,4.51
26/04/2012,4.5
27/04/2012,4.5
30/04/2012,4.52
02/05/2012,4.5
03/05/2012,4.5
04/05/2012,4.51
07/05/2012,4.51
08/05/2012,4.51
09/05/2012,4.52
10/05/2012,4.51
11/05/2012,4.52
14/05/2012,4.51
15/05/2012,4.51
16/05/2012,4.5
17/05/2012,4.49
18/05/2012,4.48
21/05/2012,4.5
22/05/2012,4.5
23/05/2012,4.51
24/05/2012,4.51
25/05/2012,4.51
28/05/2012,4.51
29/05/2012,4.51
30/05/2012,4.5
31/05/2012,4.5
01/06/2012,4.51
04/06/2012,4.51
05/06/2012,4.5
06/06/2012,4.5
07/06/2012,4.5
08/06/2012,4.5
11/06/2012,4.5
12/06/2012,4.5
13/06/2012,4.5
14/06/2012,4.5
15/06/2012,4.5
18/06/2012,4.48
19/06/2012,4.49
20/06/2012,4.5
21/06/2012,4.48
22/06/2012,4.48
25/06/2012,4.48
26/06/2012,4.48
27/06/2012,4.48
28/06/2012,4.48
29/06/2012,4.48
02/07/2012,4.48
03/07/2012,4.48
04/07/2012,4.48
05/07/2012,4.48
06/07/2012,4.48
09/07/2012,4.48
10/07/2012,4.48
11/07/2012,4.48
12/07/2012,4.46
13/07/2012,4.47
16/07/2012,4.47
17/07/2012,4.46
18/07/2012,4.46
19/07/2012,4.47
20/07/2012,4.47
23/07/2012,4.47
24/07/2012,4.5
25/07/2012,4.49
26/07/2012,4.49
27/07/2012,4.49
30/07/2012,4.49
31/07/2012,4.5
01/08/2012,4.49
02/08/2012,4.49
03/08/2012,4.49
06/08/2012,4.49
07/08/2012,4.49
08/08/2012,4.49
09/08/2012,4.49
10/08/2012,4.49
13/08/2012,4.49
14/08/2012,4.49
15/08/2012,4.49
16/08/2012,4.49
17/08/2012,4.49
20/08/2012,4.48
21/08/2012,4.48
22/08/2012,4.49
23/08/2012,4.5
24/08/2012,4.5
27/08/2012,4.5
28/08/2012,4.5
29/08/2012,4.5
30/08/2012,4.51
31/08/2012,4.52
03/09/2012,4.5
04/09/2012,4.5
05/09/2012,4.5
06/09/2012,4.5
07/09/2012,4.5
10/09/2012,4.5
11/09/2012,4.5
12/09/2012,4.5
13/09/2012,4.5
14/09/2012,4.5
17/09/2012,4.5
18/09/2012,4.5
19/09/2012,4.5
20/09/2012,4.5
21/09/2012,4.5
24/09/2012,4.5
25/09/2012,4.5
26/09/2012,4.5
27/09/2012,4.5
28/09/2012,4.52
01/10/2012,4.5
02/10/2012,4.5
03/10/2012,4.5
04/10/2012,4.5
05/10/2012,4.5
08/10/2012,4.5
09/10/2012,4.5
10/10/2012,4.5
11/10/2012,4.5
12/10/2012,4.5
15/10/2012,4.5
16/10/2012,4.5
17/10/2012,4.5
18/10/2012,4.5
19/10/2012,4.5
22/10/2012,4.5
23/10/2012,4.5
24/10/2012,4.5
25/10/2012,4.5
26/10/2012,4.5
29/10/2012,4.5
30/10/2012,4.5
31/10/2012,4.52
01/11/2012,4.53
05/11/2012,4.51
06/11/2012,4.5
07/11/2012,4.5
08/11/2012,4.5
09/11/2012,4.5
12/11/2012,4.5
13/11/2012,4.5
14/11/2012,4.5
15/11/2012,4.5
16/11/2012,4.52
20/11/2012,4.5
21/11/2012,4.5
22/11/2012,4.5
23/11/2012,4.5
26/11/2012,4.5
27/11/2012,4.5
28/11/2012,4.5
29/11/2012,4.5
30/11/2012,4.51
03/12/2012,4.5
04/12/2012,4.5
05/12/2012,4.5
06/12/2012,4.5
07/12/2012,4.5
10/12/2012,4.5
11/12/2012,4.5
13/12/2012,4.5
14/12/2012,4.5
17/12/2012,4.5
18/12/2012,4.53
19/12/2012,4.53
20/12/2012,4.51
21/12/2012,4.51
24/12/2012,4.51
26/12/2012,4.51
27/12/2012,4.51
28/12/2012,4.51
31/12/2012,4.52
02/01/2013,4.51
03/01/2013,4.5
04/01/2013,4.49
07/01/2013,4.49
08/01/2013,4.48
09/01/2013,4.47
10/01/2013,4.46
11/01/2013,4.5
14/01/2013,4.5
15/01/2013,4.5
16/01/2013,4.5
17/01/2013,4.5
18/01/2013,4.5
21/01/2013,4.5
22/01/2013,4.5
23/01/2013,4.5
24/01/2013,4.5
25/01/2013,4.5
28/01/2013,4.49
29/01/2013,4.48
30/01/2013,4.47
31/01/2013,4.49
01/02/2013,4.49
05/02/2013,4.5
06/02/2013,4.5
07/02/2013,4.5
08/02/2013,4.49
11/02/2013,4.49
12/02/2013,4.48
13/02/2013,4.48
14/02/2013,4.48
15/02/2013,4.49
18/02/2013,4.49
19/02/2013,4.49
20/02/2013,4.49
21/02/2013,4.49
22/02/2013,4.5
25/02/2013,4.5
26/02/2013,4.5
27/02/2013,4.5
28/02/2013,4.51
01/03/2013,4.5
04/03/2013,4.5
05/03/2013,4.5
06/03/2013,4.51
07/03/2013,4.5
08/03/2013,4.01
11/03/2013,4.01
12/03/2013,4
13/03/2013,4
14/03/2013,4
15/03/2013,4.04
19/03/2013,4
20/03/2013,4
21/03/2013,4
22/03/2013,4.01
25/03/2013,4.01
26/03/2013,4.05
27/03/2013,4.07
01/04/2013,4.01
02/04/2013,4.01
03/04/2013,4.04
04/04/2013,4.04
05/04/2013,4.02
08/04/2013,4.02
09/04/2013,4.03
10/04/2013,4.02
11/04/2013,4.02
12/04/2013,4.01
15/04/2013,4.01
16/04/2013,4.02
17/04/2013,4.01
18/04/2013,4.01
19/04/2013,4.01
22/04/2013,4.01
23/04/2013,4.01
24/04/2013,4.01
25/04/2013,4.01
26/04/2013,4.01
29/04/2013,4.01
30/04/2013,4.06
02/05/2013,4.03
03/05/2013,4.02
06/05/2013,4.02
07/05/2013,4.02
08/05/2013,4.01
09/05/2013,4.02
10/05/2013,4.01
13/05/2013,4.01
14/05/2013,4.01
15/05/2013,4.02
16/05/2013,4.03
17/05/2013,4.02
20/05/2013,4.02
21/05/2013,4.03
22/05/2013,4.02
23/05/2013,4.01
24/05/2013,4.01
27/05/2013,4.01
28/05/2013,4.02
29/05/2013,4.02
30/05/2013,4.02
31/05/2013,4.06
03/06/2013,4.02
04/06/2013,4.02
05/06/2013,4.02
06/06/2013,4.02
07/06/2013,4.02
10/06/2013,4.02
11/06/2013,4.02
12/06/2013,4.02
13/06/2013,4.02
14/06/2013,4.02
17/06/2013,4.02
18/06/2013,4.02
19/06/2013,4.02
20/06/2013,4.02
21/06/2013,4.02
24/06/2013,4.01
25/06/2013,4
26/06/2013,3.99
27/06/2013,3.99
28/06/2013,4.04
01/07/2013,4.01
02/07/2013,4.01
03/07/2013,4.01
04/07/2013,4
05/07/2013,4.01
08/07/2013,4.01
09/07/2013,4.01
10/07/2013,4.01
11/07/2013,4.01
12/07/2013,4.01
15/07/2013,4.01
16/07/2013,4.01
17/07/2013,4.01
18/07/2013,4.01
19/07/2013,4.01
22/07/2013,4.01
23/07/2013,4.01
24/07/2013,4
25/07/2013,4
26/07/2013,4
29/07/2013,4
30/07/2013,4
31/07/2013,4.02
01/08/2013,4.01
02/08/2013,4.01
05/08/2013,4.01
06/08/2013,4.01
07/08/2013,4.01
08/08/2013,4.01
09/08/2013,4.01
12/08/2013,4
13/08/2013,4.01
14/08/2013,4
15/08/2013,4
16/08/2013,4
19/08/2013,4
20/08/2013,4
21/08/2013,4.01
22/08/2013,4.01
23/08/2013,4.01
26/08/2013,4.01
27/08/2013,4.01
28/08/2013,4
29/08/2013,4.01
30/08/2013,4.02
02/09/2013,4.01
03/09/2013,4.01
04/09/2013,4.01
05/09/2013,4.01
06/09/2013,3.76
09/09/2013,3.76
10/09/2013,3.76
11/09/2013,3.76
12/09/2013,3.76
13/09/2013,3.77
17/09/2013,3.77
18/09/2013,3.77
19/09/2013,3.77
20/09/2013,3.76
23/09/2013,3.76
24/09/2013,3.77
25/09/2013,3.77
26/09/2013,3.77
27/09/2013,3.77
30/09/2013,3.81
01/10/2013,3.78
02/10/2013,3.78
03/10/2013,3.77
04/10/2013,3.77
07/10/2013,3.77
08/10/2013,3.77
09/10/2013,3.77
10/10/2013,3.77
11/10/2013,3.77
14/10/2013,3.77
15/10/2013,3.77
16/10/2013,3.77
17/10/2013,3.77
18/10/2013,3.77
21/10/2013,3.77
22/10/2013,3.77
23/10/2013,3.79
24/10/2013,3.81
25/10/2013,3.53
28/10/2013,3.53
29/10/2013,3.54
30/10/2013,3.53
31/10/2013,3.59
01/11/2013,3.54
04/11/2013,3.54
05/11/2013,3.55
06/11/2013,3.56
07/11/2013,3.56
08/11/2013,3.58
11/11/2013,3.58
12/11/2013,3.59
13/11/2013,3.61
14/11/2013,3.59
15/11/2013,3.63
19/11/2013,3.59
20/11/2013,3.6
21/11/2013,3.55
22/11/2013,3.53
25/11/2013,3.53
26/11/2013,3.53
27/11/2013,3.53
28/11/2013,3.53
29/11/2013,3.62
02/12/2013,3.54
03/12/2013,3.58
04/12/2013,3.61
05/12/2013,3.65
06/12/2013,3.58
09/12/2013,3.56
10/12/2013,3.59
11/12/2013,3.65
13/12/2013,3.7
16/12/2013,3.7
17/12/2013,3.65
18/12/2013,3.55
19/12/2013,3.55
20/12/2013,3.55
23/12/2013,3.6
24/12/2013,3.7
26/12/2013,3.67
27/12/2013,3.68
30/12/2013,3.67
31/12/2013,3.71
02/01/2014,3.58
03/01/2014,3.55
06/01/2014,3.52
07/01/2014,3.49
08/01/2014,3.48
09/01/2014,3.47
10/01/2014,3.47
13/01/2014,3.46
14/01/2014,3.46
15/01/2014,3.46
16/01/2014,3.47
17/01/2014,3.5
20/01/2014,3.49
21/01/2014,3.5
22/01/2014,3.52
23/01/2014,3.53
24/01/2014,3.55
27/01/2014,3.54
28/01/2014,3.51
29/01/2014,3.5
30/01/2014,3.51
31/01/2014,3.53
04/02/2014,3.51
05/02/2014,3.51
06/02/2014,3.5
07/02/2014,3.5
10/02/2014,3.5
11/02/2014,3.5
12/02/2014,3.51
13/02/2014,3.51
14/02/2014,3.52
17/02/2014,3.5
18/02/2014,3.51
19/02/2014,3.51
20/02/2014,3.51
21/02/2014,3.52
24/02/2014,3.52
25/02/2014,3.52
26/02/2014,3.52
27/02/2014,3.53
28/02/2014,3.61
03/03/2014,3.52
04/03/2014,3.51
05/03/2014,3.51
06/03/2014,3.51
07/03/2014,3.51
10/03/2014,3.51
11/03/2014,3.51
12/03/2014,3.51
13/03/2014,3.51
14/03/2014,3.53
18/03/2014,3.51
19/03/2014,3.51
20/03/2014,3.51
21/03/2014,3.52
24/03/2014,3.51
25/03/2014,3.51
26/03/2014,3.51
27/03/2014,3.51
28/03/2014,3.51
31/03/2014,3.55
01/04/2014,3.51
02/04/2014,3.52
03/04/2014,3.54
04/04/2014,3.55
07/04/2014,3.55
08/04/2014,3.53
09/04/2014,3.54
10/04/2014,3.54
11/04/2014,3.54
14/04/2014,3.53
15/04/2014,3.55
16/04/2014,3.57
21/04/2014,3.53
22/04/2014,3.52
23/04/2014,3.51
24/04/2014,3.51
25/04/2014,3.51
28/04/2014,3.51
29/04/2014,3.52
30/04/2014,3.56
02/05/2014,3.53
05/05/2014,3.52
06/05/2014,3.53
07/05/2014,3.54
08/05/2014,3.54
09/05/2014,3.54
12/05/2014,3.52
13/05/2014,3.54
14/05/2014,3.53
15/05/2014,3.54
16/05/2014,3.53
19/05/2014,3.53
20/05/2014,3.52
21/05/2014,3.52
22/05/2014,3.53
23/05/2014,3.53
26/05/2014,3.54
27/05/2014,3.53
28/05/2014,3.53
29/05/2014,3.53
30/05/2014,3.57
02/06/2014,3.53
03/06/2014,3.54
04/06/2014,3.54
05/06/2014,3.54
06/06/2014,3.04
09/06/2014,3.04
10/06/2014,3.04
11/06/2014,3.05
12/06/2014,3.06
13/06/2014,3.09
16/06/2014,3.07
17/06/2014,3.08
18/06/2014,3.08
19/06/2014,3.07
20/06/2014,3.05
23/06/2014,3.03
24/06/2014,3.03
25/06/2014,3.02
26/06/2014,3.03
27/06/2014,3.03
30/06/2014,3.09
01/07/2014,3.04
02/07/2014,3.04
03/07/2014,3.03
04/07/2014,3.03
07/07/2014,3.03
08/07/2014,3.01
09/07/2014,3.01
10/07/2014,3.01
11/07/2014,3.02
14/07/2014,3.02
15/07/2014,3.02
16/07/2014,3.02
17/07/2014,3.02
18/07/2014,3.02
21/07/2014,3.02
22/07/2014,3.02
23/07/2014,3.02
24/07/2014,3.02
25/07/2014,3.02
28/07/2014,3.02
29/07/2014,3.02
30/07/2014,3.02
31/07/2014,3.07
01/08/2014,3.03
04/08/2014,3.03
05/08/2014,3.05
06/08/2014,3.08
07/08/2014,3.07
08/08/2014,3.05
11/08/2014,3.04
12/08/2014,3.04
13/08/2014,3.04
14/08/2014,3.03
15/08/2014,3.03
18/08/2014,3.03
19/08/2014,3.05
20/08/2014,3.05
21/08/2014,3.06
22/08/2014,3.08
25/08/2014,3.06
26/08/2014,3.04
27/08/2014,3.04
28/08/2014,3.04
29/08/2014,3.1
01/09/2014,3.04
02/09/2014,3.04
03/09/2014,3.04
04/09/2014,3.04
05/09/2014,3.04
08/09/2014,3.03
09/09/2014,3.02
10/09/2014,3.02
11/09/2014,3.01
12/09/2014,3.01
15/09/2014,3.02
17/09/2014,3.02
18/09/2014,3.01
19/09/2014,3.01
22/09/2014,3.01
23/09/2014,2.99
24/09/2014,2.98
25/09/2014,2.99
26/09/2014,2.99
29/09/2014,2.99
30/09/2014,3.07
01/10/2014,3.01
02/10/2014,3.04
03/10/2014,3.05
06/10/2014,3.03
07/10/2014,3.03
08/10/2014,3.02
09/10/2014,3.04
10/10/2014,3.02
13/10/2014,3.02
14/10/2014,3.02
15/10/2014,3.04
16/10/2014,3.03
17/10/2014,3.05
20/10/2014,3.06
21/10/2014,3.03
22/10/2014,3.04
23/10/2014,3.03
24/10/2014,3.03
27/10/2014,3.04
28/10/2014,3.06
29/10/2014,3.03
30/10/2014,3.04
31/10/2014,3.08
03/11/2014,3.05
04/11/2014,3.08
05/11/2014,3.04
06/11/2014,3.04
07/11/2014,3.05
10/11/2014,3.05
11/11/2014,3.06
12/11/2014,3.06
13/11/2014,3.06
14/11/2014,3.07
18/11/2014,3.06
19/11/2014,3.07
20/11/2014,3.07
21/11/2014,3.04
24/11/2014,3.04
25/11/2014,3.03
26/11/2014,3.03
27/11/2014,3.03
28/11/2014,3.05
01/12/2014,3.03
02/12/2014,3.05
03/12/2014,3.03
04/12/2014,3.03
05/12/2014,3.04
08/12/2014,3.03
09/12/2014,3.05
10/12/2014,3.05
11/12/2014,3.07
15/12/2014,3.07
16/12/2014,3.08
17/12/2014,3.09
18/12/2014,3.1
19/12/2014,3.11
22/12/2014,3.1
23/12/2014,3.1
24/12/2014,3.16
26/12/2014,3.12
29/12/2014,3.12
30/12/2014,3.1
31/12/2014,3.23
02/01/2015,3.16
05/01/2015,3.11
06/01/2015,3.05
07/01/2015,3.03
08/01/2015,3.02
09/01/2015,3.02
12/01/2015,3.02
13/01/2015,3.02
14/01/2015,3.02
15/01/2015,3.03
16/01/2015,3.03
19/01/2015,3.02
20/01/2015,3.02
21/01/2015,3.02
22/01/2015,3.02
23/01/2015,3.01
26/01/2015,3.03
27/01/2015,3.02
28/01/2015,3.03
29/01/2015,3.02
30/01/2015,3.07
03/02/2015,3.04
04/02/2015,3.08
05/02/2015,3.04
06/02/2015,3.05
09/02/2015,3.04
10/02/2015,3.05
11/02/2015,3.07
12/02/2015,3.07
13/02/2015,3.09
16/02/2015,3.08
17/02/2015,3.06
18/02/2015,3.07
19/02/2015,3.07
20/02/2015,3.06
23/02/2015,3.04
24/02/2015,3.04
25/02/2015,3.04
26/02/2015,3.05
27/02/2015,3.09
02/03/2015,3.06
03/03/2015,3.11
04/03/2015,3.07
05/03/2015,3.06
06/03/2015,3.07
09/03/2015,3.06
10/03/2015,3.07
11/03/2015,3.09
12/03/2015,3.07
13/03/2015,3.1
17/03/2015,3.08
18/03/2015,3.1
19/03/2015,3.08
20/03/2015,3.05
23/03/2015,3.05
24/03/2015,3.06
25/03/2015,3.06
26/03/2015,3.06
27/03/2015,3.05
30/03/2015,3.09
31/03/2015,3.13
01/04/2015,3.14
06/04/2015,3.11
07/04/2015,3.07
08/04/2015,3.06
09/04/2015,3.07
10/04/2015,3.05
13/04/2015,3.05
14/04/2015,3.05
15/04/2015,3.04
16/04/2015,3.04
17/04/2015,3.04
20/04/2015,3.04
21/04/2015,3.04
22/04/2015,3.04
23/04/2015,3
24/04/2015,2.99
27/04/2015,2.99
28/04/2015,2.99
29/04/2015,2.99
30/04/2015,3.07
04/05/2015,3.01
05/05/2015,3.05
06/05/2015,3.01
07/05/2015,3.01
08/05/2015,3
11/05/2015,3
12/05/2015,3
13/05/2015,3.01
14/05/2015,3.02
15/05/2015,3.02
18/05/2015,3.03
19/05/2015,3.02
20/05/2015,3.02
21/05/2015,3.01
22/05/2015,3
25/05/2015,3
26/05/2015,2.99
27/05/2015,2.99
28/05/2015,3.02
29/05/2015,3.1
01/06/2015,3.03
02/06/2015,3.07
03/06/2015,3.06
04/06/2015,3.09
05/06/2015,3.09
08/06/2015,3.11
09/06/2015,3.1
10/06/2015,3.09
11/06/2015,3.04
12/06/2015,3.07
15/06/2015,3.1
16/06/2015,3.14
17/06/2015,3.15
18/06/2015,3.12
19/06/2015,3.12
22/06/2015,3.06
23/06/2015,3.07
24/06/2015,3.08
25/06/2015,3.09
26/06/2015,3.11
29/06/2015,3.15
30/06/2015,3.3
01/07/2015,3.1
02/07/2015,3.08
03/07/2015,3.14
06/07/2015,3.19
07/07/2015,3.15
08/07/2015,3.17
09/07/2015,3.08
10/07/2015,3.05
13/07/2015,3.07
14/07/2015,3.09
15/07/2015,3.07
16/07/2015,3.07
17/07/2015,3.1
20/07/2015,3.09
21/07/2015,3.1
22/07/2015,3.12
23/07/2015,3.04
24/07/2015,3.06
27/07/2015,3.06
28/07/2015,3.08
29/07/2015,3.08
30/07/2015,3.12
31/07/2015,3.2
03/08/2015,3.08
04/08/2015,3.06
05/08/2015,3.06
06/08/2015,3.08
07/08/2015,3.11
10/08/2015,3.13
11/08/2015,3.16
12/08/2015,3.24
13/08/2015,3.1
14/08/2015,3.04
17/08/2015,3.05
18/08/2015,3.03
19/08/2015,3.03
20/08/2015,3.02
21/08/2015,3.02
24/08/2015,3.04
25/08/2015,3.04
26/08/2015,3.04
27/08/2015,3.05
28/08/2015,3.07
31/08/2015,3.17
01/09/2015,3.1
02/09/2015,3.15
03/09/2015,3.21
04/09/2015,3.07
07/09/2015,3.04
08/09/2015,3.04
09/09/2015,3.04
10/09/2015,3.05
11/09/2015,3.06
14/09/2015,3.08
15/09/2015,3.12
17/09/2015,3.06
18/09/2015,3.04
21/09/2015,3.04
22/09/2015,3.04
23/09/2015,3.04
24/09/2015,3.04
25/09/2015,3.04
28/09/2015,3.04
29/09/2015,3.04
30/09/2015,3.08
01/10/2015,3.05
02/10/2015,3.09
05/10/2015,3.04
06/10/2015,3.04
07/10/2015,3.04
08/10/2015,3.02
09/10/2015,3
12/10/2015,2.99
13/10/2015,2.99
14/10/2015,3.04
15/10/2015,3.03
16/10/2015,3.03
19/10/2015,3.03
20/10/2015,3.03
21/10/2015,3.06
22/10/2015,3.03
23/10/2015,3.02
26/10/2015,3.02
27/10/2015,3.06
28/10/2015,3.07
29/10/2015,3.1
30/10/2015,3.19
03/11/2015,3.07
04/11/2015,3.06
05/11/2015,3.15
06/11/2015,3.1
09/11/2015,3.07
10/11/2015,3.08
11/11/2015,3.13
12/11/2015,3.17
13/11/2015,3.06
17/11/2015,3.05
18/11/2015,3.06
19/11/2015,3.06
20/11/2015,3.03
23/11/2015,3.04
24/11/2015,3.03
25/11/2015,3.03
26/11/2015,3.03
27/11/2015,3.02
30/11/2015,3.13
01/12/2015,3.07
02/12/2015,3.14
03/12/2015,3.1
04/12/2015,3.12
07/12/2015,3.15
08/12/2015,3.4
09/12/2015,3.18
10/12/2015,3.09
11/12/2015,3.01
14/12/2015,3.01
15/12/2015,3.05
16/12/2015,3.35
17/12/2015,3.55
18/12/2015,3.34
21/12/2015,3.34
22/12/2015,3.33
23/12/2015,3.39
24/12/2015,3.48
28/12/2015,3.34
29/12/2015,3.27
30/12/2015,3.27
31/12/2015,3.38
04/01/2016,3.3
05/01/2016,3.37
06/01/2016,3.34
07/01/2016,3.3
08/01/2016,3.27
11/01/2016,3.24
12/01/2016,3.24
13/01/2016,3.23
14/01/2016,3.23
15/01/2016,3.23
18/01/2016,3.24
19/01/2016,3.26
20/01/2016,3.35
21/01/2016,3.28
22/01/2016,3.26
25/01/2016,3.25
26/01/2016,3.28
27/01/2016,3.31
28/01/2016,3.25
29/01/2016,3.38
02/02/2016,3.29
03/02/2016,3.28
04/02/2016,3.26
05/02/2016,3.26
08/02/2016,3.25
09/02/2016,3.25
10/02/2016,3.25
11/02/2016,3.27
12/02/2016,3.27
15/02/2016,3.26
16/02/2016,3.25
17/02/2016,3.26
18/02/2016,3.82
19/02/2016,3.81
22/02/2016,3.85
23/02/2016,3.79
24/02/2016,3.77
25/02/2016,3.77
26/02/2016,3.82
29/02/2016,3.93
01/03/2016,3.83
02/03/2016,3.87
03/03/2016,3.81
04/03/2016,3.79
07/03/2016,3.78
08/03/2016,3.76
09/03/2016,3.76
10/03/2016,3.77
11/03/2016,3.76
14/03/2016,3.76
15/03/2016,3.76
16/03/2016,3.78
17/03/2016,3.8
18/03/2016,3.83
22/03/2016,3.85
23/03/2016,3.8
28/03/2016,3.78
29/03/2016,3.76
30/03/2016,3.77
31/03/2016,3.82
01/04/2016,3.76
04/04/2016,3.75
05/04/2016,3.72
06/04/2016,3.63
07/04/2016,3.65
08/04/2016,3.66
11/04/2016,3.76
12/04/2016,3.76
13/04/2016,3.76
14/04/2016,3.76
15/04/2016,3.75
18/04/2016,3.75
19/04/2016,3.76
20/04/2016,3.78
21/04/2016,3.75
22/04/2016,3.76
25/04/2016,3.78
26/04/2016,3.85
27/04/2016,3.9
28/04/2016,3.86
29/04/2016,3.98
02/05/2016,3.85
03/05/2016,3.9
04/05/2016,3.85
05/05/2016,3.79
06/05/2016,3.75
09/05/2016,3.71
10/05/2016,3.81
11/05/2016,3.81
12/05/2016,3.83
13/05/2016,3.85
16/05/2016,3.83
17/05/2016,3.84
18/05/2016,3.79
19/05/2016,3.81
20/05/2016,3.79
23/05/2016,3.74
24/05/2016,3.66
25/05/2016,3.7
26/05/2016,3.73
27/05/2016,3.8
30/05/2016,3.85
31/05/2016,4
01/06/2016,3.83
02/06/2016,4
03/06/2016,4.09
06/06/2016,3.85
07/06/2016,3.79
08/06/2016,3.78
09/06/2016,3.76
10/06/2016,3.83
13/06/2016,3.84
14/06/2016,3.85
15/06/2016,3.86
16/06/2016,3.77
17/06/2016,3.74
20/06/2016,3.77
21/06/2016,3.77
22/06/2016,3.78
23/06/2016,3.79
24/06/2016,3.82
27/06/2016,3.84
28/06/2016,3.8
29/06/2016,3.8
30/06/2016,3.94
01/07/2016,4.27
04/07/2016,4.24
05/07/2016,4.25
06/07/2016,4.25
07/07/2016,4.25
08/07/2016,4.25
11/07/2016,4.26
12/07/2016,4.26
13/07/2016,4.26
14/07/2016,4.26
15/07/2016,4.26
18/07/2016,4.26
19/07/2016,4.25
20/07/2016,4.26
21/07/2016,4.25
22/07/2016,4.26
25/07/2016,4.26
26/07/2016,4.26
27/07/2016,4.27
28/07/2016,4.29
29/07/2016,4.36
01/08/2016,4.34
02/08/2016,4.32
03/08/2016,4.28
04/08/2016,4.28
05/08/2016,4.28
08/08/2016,4.29
09/08/2016,4.3
10/08/2016,4.3
11/08/2016,4.29
12/08/2016,4.28
15/08/2016,4.3
16/08/2016,4.29
17/08/2016,4.28
18/08/2016,4.26
19/08/2016,4.27
22/08/2016,4.26
23/08/2016,4.27
24/08/2016,4.29
25/08/2016,4.28
26/08/2016,4.28
29/08/2016,4.27
30/08/2016,4.29
31/08/2016,4.33
01/09/2016,4.31
02/09/2016,4.32
05/09/2016,4.3
06/09/2016,4.33
07/09/2016,4.32
08/09/2016,4.33
09/09/2016,4.32
12/09/2016,4.32
13/09/2016,4.3
14/09/2016,4.32
15/09/2016,4.4
19/09/2016,4.32
20/09/2016,4.27
21/09/2016,4.27
22/09/2016,4.25
23/09/2016,4.24
26/09/2016,4.25
27/09/2016,4.25
28/09/2016,4.24
29/09/2016,4.4
30/09/2016,4.9
03/10/2016,4.79
04/10/2016,4.77
05/10/2016,4.77
06/10/2016,4.75
07/10/2016,4.76
10/10/2016,4.76
11/10/2016,4.78
12/10/2016,4.78
13/10/2016,4.77
14/10/2016,4.77
17/10/2016,4.75
18/10/2016,4.76
19/10/2016,4.77
20/10/2016,4.76
21/10/2016,4.76
24/10/2016,4.76
25/10/2016,4.76
26/10/2016,4.76
27/10/2016,4.77
28/10/2016,4.76
31/10/2016,4.83
01/11/2016,4.79
03/11/2016,4.8
04/11/2016,4.83
07/11/2016,4.8
08/11/2016,4.91
09/11/2016,4.9
10/11/2016,4.75
11/11/2016,4.76
14/11/2016,4.76
15/11/2016,4.77
16/11/2016,4.76
17/11/2016,5.1
18/11/2016,5.26
22/11/2016,5.26
23/11/2016,5.2
24/11/2016,5.25
25/11/2016,5.25
28/11/2016,5.25
29/11/2016,5.26
30/11/2016,5.3
01/12/2016,5.26
02/12/2016,5.27
05/12/2016,5.26
06/12/2016,5.26
07/12/2016,5.26
08/12/2016,5.27
09/12/2016,5.27
13/12/2016,5.28
14/12/2016,5.42
15/12/2016,5.79
16/12/2016,5.82
19/12/2016,5.79
20/12/2016,5.79
21/12/2016,5.79
22/12/2016,5.78
23/12/2016,5.75
26/12/2016,5.78
27/12/2016,5.78
28/12/2016,5.78
29/12/2016,5.78
30/12/2016,5.75
02/01/2017,5.75
03/01/2017,5.77
04/01/2017,5.76
05/01/2017,5.76
06/01/2017,5.76
09/01/2017,5.76
10/01/2017,5.75
11/01/2017,5.75
12/01/2017,5.77
13/01/2017,5.82
16/01/2017,5.78
17/01/2017,5.76
18/01/2017,5.76
19/01/2017,5.76
20/01/2017,5.78
23/01/2017,5.77
24/01/2017,5.77
25/01/2017,5.8
26/01/2017,5.78
27/01/2017,5.76
30/01/2017,5.75
31/01/2017,5.81
01/02/2017,5.79
02/02/2017,5.82
03/02/2017,5.82
07/02/2017,5.78
08/02/2017,5.81
09/02/2017,6.15
10/02/2017,6.28
13/02/2017,6.29
14/02/2017,6.28
15/02/2017,6.26
16/02/2017,6.22
17/02/2017,6.2
20/02/2017,6.23
21/02/2017,6.26
22/02/2017,6.26
23/02/2017,6.26
24/02/2017,6.27
27/02/2017,6.28
28/02/2017,6.29
01/03/2017,6.32
02/03/2017,6.3
03/03/2017,6.3
06/03/2017,6.28
07/03/2017,6.29
08/03/2017,6.3
09/03/2017,6.3
10/03/2017,6.33
13/03/2017,6.33
14/03/2017,6.39
15/03/2017,6.5
16/03/2017,6.32
17/03/2017,6.27
21/03/2017,6.21
22/03/2017,6.3
23/03/2017,6.24
24/03/2017,6.08
27/03/2017,6.25
28/03/2017,6.25
29/03/2017,6.27
30/03/2017,6.5
31/03/2017,6.59
03/04/2017,6.67
04/04/2017,6.75
05/04/2017,6.7
06/04/2017,6.45
07/04/2017,6.45
10/04/2017,6.51
11/04/2017,6.61
12/04/2017,6.62
17/04/2017,6.45
18/04/2017,6.43
19/04/2017,6.5
20/04/2017,6.52
21/04/2017,6.63
24/04/2017,6.67
25/04/2017,6.75
26/04/2017,6.53
27/04/2017,6.49
28/04/2017,6.72
02/05/2017,6.72
03/05/2017,6.54
04/05/2017,6.48
05/05/2017,6.48
08/05/2017,6.48
09/05/2017,6.55
10/05/2017,6.54
11/05/2017,6.55
12/05/2017,6.55
15/05/2017,6.55
16/05/2017,6.51
17/05/2017,6.48
18/05/2017,6.55
19/05/2017,6.77
22/05/2017,6.72
23/05/2017,6.64
24/05/2017,6.8
25/05/2017,6.82
26/05/2017,6.78
29/05/2017,6.81
30/05/2017,6.79
31/05/2017,6.83
01/06/2017,6.84
02/06/2017,6.79
05/06/2017,6.84
06/06/2017,6.83
07/06/2017,6.77
08/06/2017,6.74
09/06/2017,6.75
12/06/2017,6.76
13/06/2017,6.76
14/06/2017,6.76
15/06/2017,6.86
16/06/2017,6.9
19/06/2017,6.75
20/06/2017,6.72
21/06/2017,6.74
22/06/2017,6.93
23/06/2017,6.97
26/06/2017,6.98
27/06/2017,6.96
28/06/2017,6.95
29/06/2017,7
30/06/2017,7.1
03/07/2017,7.1
04/07/2017,7.16
05/07/2017,7
06/07/2017,7.01
07/07/2017,7.02
10/07/2017,7.02
11/07/2017,7.07
12/07/2017,7.08
13/07/2017,7.11
14/07/2017,7.09
17/07/2017,7.01
18/07/2017,7.03
19/07/2017,7.1
20/07/2017,7.05
21/07/2017,7.03
24/07/2017,7.01
25/07/2017,7.03
26/07/2017,7.04
27/07/2017,7.09
28/07/2017,7.06
31/07/2017,7.1
01/08/2017,7.11
02/08/2017,7.1
03/08/2017,7.03
04/08/2017,7.03
07/08/2017,7.03
08/08/2017,7.03
09/08/2017,7
10/08/2017,7.02
11/08/2017,7.01
14/08/2017,7.03
15/08/2017,7.07
16/08/2017,7.08
17/08/2017,7.03
18/08/2017,7.08
21/08/2017,7.07
22/08/2017,7.04
23/08/2017,7.05
24/08/2017,7.03
25/08/2017,7.02
28/08/2017,7.04
29/08/2017,7
30/08/2017,7
31/08/2017,7.1
01/09/2017,7.08
04/09/2017,7.07
05/09/2017,7.02
06/09/2017,7.02
07/09/2017,7.04
08/09/2017,7.03
11/09/2017,7.05
12/09/2017,7.11
13/09/2017,7.03
14/09/2017,7.12
15/09/2017,7.01
18/09/2017,7.03
19/09/2017,7.13
20/09/2017,7.02
21/09/2017,7.15
22/09/2017,7.01
25/09/2017,7.01
26/09/2017,6.95
27/09/2017,7
28/09/2017,7.01
29/09/2017,7.06
02/10/2017,7.08
03/10/2017,7.04
04/10/2017,7.03
05/10/2017,7.03
06/10/2017,7.12
09/10/2017,7.06
10/10/2017,7.03
11/10/2017,7.14
12/10/2017,7.12
13/10/2017,7.02
16/10/2017,7.03
17/10/2017,7.03
18/10/2017,7.02
19/10/2017,7.07
20/10/2017,7.01
23/10/2017,7.01
24/10/2017,7.06
25/10/2017,7.01
26/10/2017,7.01
27/10/2017,7
30/10/2017,6.96
31/10/2017,7
01/11/2017,7.04
03/11/2017,7.14
06/11/2017,7.03
07/11/2017,7.01
08/11/2017,7.01
09/11/2017,7.01
10/11/2017,7.01
13/11/2017,7.01
14/11/2017,7.01
15/11/2017,7.02
16/11/2017,7.02
17/11/2017,7
21/11/2017,7.02
22/11/2017,7.02
23/11/2017,7
24/11/2017,7
27/11/2017,7.03
28/11/2017,7.07
29/11/2017,7
30/11/2017,7.06
01/12/2017,7.11
04/12/2017,7.03
05/12/2017,7.07
06/12/2017,7.06
07/12/2017,7.08
08/12/2017,7.08
11/12/2017,7.1
13/12/2017,7.2
14/12/2017,7.35
15/12/2017,7.3
18/12/2017,7.31
19/12/2017,7.3
20/12/2017,7.3
21/12/2017,7.3
22/12/2017,7.31
26/12/2017,7.29
27/12/2017,7.31
28/12/2017,7.36
29/12/2017,7.37
02/01/2018,7.32
03/01/2018,7.4
04/01/2018,7.28
05/01/2018,7.26
08/01/2018,7.26
09/01/2018,7.26
10/01/2018,7.26
11/01/2018,7.26
12/01/2018,7.26
15/01/2018,7.27
16/01/2018,7.28
17/01/2018,7.28
18/01/2018,7.33
19/01/2018,7.42
22/01/2018,7.27
23/01/2018,7.26
24/01/2018,7.3
25/01/2018,7.27
26/01/2018,7.28
29/01/2018,7.26
30/01/2018,7.26
31/01/2018,7.39
01/02/2018,7.35
02/02/2018,7.42
06/02/2018,7.27
07/02/2018,7.26
08/02/2018,7.42
09/02/2018,7.52
12/02/2018,7.51
13/02/2018,7.52
14/02/2018,7.53
15/02/2018,7.55
16/02/2018,7.58
19/02/2018,7.54
20/02/2018,7.5
21/02/2018,7.54
22/02/2018,7.58
23/02/2018,7.52
26/02/2018,7.53
27/02/2018,7.54
28/02/2018,7.63
01/03/2018,7.63
02/03/2018,7.6
05/03/2018,7.54
06/03/2018,7.59
07/03/2018,7.63
08/03/2018,7.58
09/03/2018,7.51
12/03/2018,7.51
13/03/2018,7.58
14/03/2018,7.57
15/03/2018,7.58
16/03/2018,7.57
20/03/2018,7.51
21/03/2018,7.51
22/03/2018,7.6
23/03/2018,7.53
26/03/2018,7.52
27/03/2018,7.55
28/03/2018,7.65
02/04/2018,7.55
03/04/2018,7.61
04/04/2018,7.53
05/04/2018,7.54
06/04/2018,7.54
09/04/2018,7.54
10/04/2018,7.51
11/04/2018,7.55
12/04/2018,7.69
13/04/2018,7.54
16/04/2018,7.53
17/04/2018,7.51
18/04/2018,7.52
19/04/2018,7.5
20/04/2018,7.52
23/04/2018,7.51
24/04/2018,7.51
25/04/2018,7.5
26/04/2018,7.55
27/04/2018,7.54
30/04/2018,7.58
02/05/2018,7.6
03/05/2018,7.59
04/05/2018,7.51
07/05/2018,7.51
08/05/2018,7.51
09/05/2018,7.52
10/05/2018,7.52
11/05/2018,7.57
14/05/2018,7.62
15/05/2018,7.62
16/05/2018,7.55
17/05/2018,7.68
18/05/2018,7.52
21/05/2018,7.52
22/05/2018,7.55
23/05/2018,7.55
24/05/2018,7.63
25/05/2018,7.6
28/05/2018,7.67
29/05/2018,7.56
30/05/2018,7.58
31/05/2018,7.7
01/06/2018,7.6
04/06/2018,7.59
05/06/2018,7.59
06/06/2018,7.64
07/06/2018,7.56
08/06/2018,7.55
11/06/2018,7.56
12/06/2018,7.59
13/06/2018,7.57
14/06/2018,7.58
15/06/2018,7.52
18/06/2018,7.54
19/06/2018,7.54
20/06/2018,7.54
21/06/2018,7.72
22/06/2018,7.75
25/06/2018,7.75
26/06/2018,7.76
27/06/2018,7.78
28/06/2018,7.8
29/06/2018,7.95
02/07/2018,7.77
03/07/2018,7.8
04/07/2018,7.9
05/07/2018,7.87
06/07/2018,7.81
09/07/2018,7.77
10/07/2018,7.78
11/07/2018,7.78
12/07/2018,7.78
13/07/2018,7.77
16/07/2018,7.77
17/07/2018,7.77
18/07/2018,7.76
19/07/2018,7.77
20/07/2018,7.76
23/07/2018,7.76
24/07/2018,7.76
25/07/2018,7.77
26/07/2018,7.83
27/07/2018,7.91
30/07/2018,7.95
31/07/2018,7.89
01/08/2018,7.83
02/08/2018,7.87
03/08/2018,7.78
06/08/2018,7.8
07/08/2018,7.79
08/08/2018,7.8
09/08/2018,7.84
10/08/2018,7.85
13/08/2018,7.84
14/08/2018,7.81
15/08/2018,7.8
16/08/2018,7.79
17/08/2018,7.78
20/08/2018,7.77
21/08/2018,7.79
22/08/2018,7.76
23/08/2018,7.76
24/08/2018,7.76
27/08/2018,7.79
28/08/2018,7.84
29/08/2018,7.8
30/08/2018,7.76
31/08/2018,7.83
03/09/2018,7.79
04/09/2018,7.8
05/09/2018,7.8
06/09/2018,7.78
07/09/2018,7.78
10/09/2018,7.78
11/09/2018,7.85
12/09/2018,7.84
13/09/2018,7.8
14/09/2018,7.78
17/09/2018,7.77
18/09/2018,7.76
19/09/2018,7.75
20/09/2018,7.75
21/09/2018,7.76
24/09/2018,7.78
25/09/2018,7.8
26/09/2018,7.83
27/09/2018,7.86
28/09/2018,8.05
01/10/2018,7.84
02/10/2018,7.88
03/10/2018,7.88
04/10/2018,8
05/10/2018,7.81
08/10/2018,7.85
09/10/2018,7.87
10/10/2018,7.79
11/10/2018,7.78
12/10/2018,7.81
15/10/2018,7.87
16/10/2018,7.85
17/10/2018,7.78
18/10/2018,7.75
19/10/2018,7.78
22/10/2018,7.77
23/10/2018,7.76
24/10/2018,7.76
25/10/2018,7.76
26/10/2018,7.75
29/10/2018,7.77
30/10/2018,7.76
31/10/2018,7.86
01/11/2018,7.87
05/11/2018,7.83
06/11/2018,7.84
07/11/2018,7.79
08/11/2018,7.77
09/11/2018,7.75
12/11/2018,7.77
13/11/2018,7.78
14/11/2018,7.78
15/11/2018,8.07
16/11/2018,8.07
20/11/2018,8.03
21/11/2018,8.02
22/11/2018,8
23/11/2018,8
26/11/2018,7.99
27/11/2018,8.01
28/11/2018,8.01
29/11/2018,8.03
30/11/2018,8.13
03/12/2018,8.06
04/12/2018,8.12
05/12/2018,8.18
06/12/2018,8.12
07/12/2018,8.12
10/12/2018,8.18
11/12/2018,8.17
13/12/2018,8.07
14/12/2018,7.99
17/12/2018,8
18/12/2018,8
19/12/2018,8.02
20/12/2018,8.3
21/12/2018,8.32
24/12/2018,8.38
26/12/2018,8.4
27/12/2018,8.5
28/12/2018,8.3
31/12/2018,8.3
02/01/2019,8.3
03/01/2019,8.28
04/01/2019,8.24
07/01/2019,8.26
08/01/2019,8.26
09/01/2019,8.25
10/01/2019,8.24
11/01/2019,8.3
14/01/2019,8.28
15/01/2019,8.32
16/01/2019,8.27
17/01/2019,8.22
18/01/2019,8.25
21/01/2019,8.3
22/01/2019,8.25
23/01/2019,8.2
24/01/2019,8.21
25/01/2019,8.23
28/01/2019,8.23
29/01/2019,8.25
30/01/2019,8.23
31/01/2019,8.3
01/02/2019,8.28
05/02/2019,8.25
06/02/2019,8.31
07/02/2019,8.26
08/02/2019,8.24
11/02/2019,8.25
12/02/2019,8.27
13/02/2019,8.25
14/02/2019,8.27
15/02/2019,8.27
18/02/2019,8.25
19/02/2019,8.25
20/02/2019,8.24
21/02/2019,8.24
22/02/2019,8.24
25/02/2019,8.25
26/02/2019,8.25
27/02/2019,8.23
28/02/2019,8.33
01/03/2019,8.26
04/03/2019,8.27
05/03/2019,8.26
06/03/2019,8.25
07/03/2019,8.26
08/03/2019,8.26
11/03/2019,8.26
12/03/2019,8.25
13/03/2019,8.25
14/03/2019,8.26
15/03/2019,8.29
19/03/2019,8.25
20/03/2019,8.25
21/03/2019,8.25
22/03/2019,8.25
25/03/2019,8.25
26/03/2019,8.25
27/03/2019,8.26
28/03/2019,8.27
29/03/2019,8.29
01/04/2019,8.28
02/04/2019,8.3
03/04/2019,8.28
04/04/2019,8.26
05/04/2019,8.26
08/04/2019,8.27
09/04/2019,8.29
10/04/2019,8.27
11/04/2019,8.29
12/04/2019,8.29
15/04/2019,8.28
16/04/2019,8.28
17/04/2019,8.29
22/04/2019,8.27
23/04/2019,8.28
24/04/2019,8.25
25/04/2019,8.21
26/04/2019,8.22
29/04/2019,8.25
30/04/2019,8.35
02/05/2019,8.29
03/05/2019,8.28
06/05/2019,8.27
07/05/2019,8.28
08/05/2019,8.27
09/05/2019,8.27
10/05/2019,8.28
13/05/2019,8.28
14/05/2019,8.32
15/05/2019,8.28
16/05/2019,8.27
17/05/2019,8.27
20/05/2019,8.25
21/05/2019,8.24
22/05/2019,8.3
23/05/2019,8.32
24/05/2019,8.3
27/05/2019,8.29
28/05/2019,8.3
29/05/2019,8.27
30/05/2019,8.32
31/05/2019,8.35
03/06/2019,8.32
04/06/2019,8.36
05/06/2019,8.37
06/06/2019,8.39
07/06/2019,8.29
10/06/2019,8.27
11/06/2019,8.24
12/06/2019,8.25
13/06/2019,8.25
14/06/2019,8.1
17/06/2019,8.05
18/06/2019,8.06
19/06/2019,8.26
20/06/2019,8.49
21/06/2019,8.3
24/06/2019,8.28
25/06/2019,8.3
26/06/2019,8.27
27/06/2019,8.25
28/06/2019,8.27
01/07/2019,8.26
02/07/2019,8.35
03/07/2019,8.28
04/07/2019,8.28
05/07/2019,8.29
08/07/2019,8.28
09/07/2019,8.29
10/07/2019,8.29
11/07/2019,8.3
12/07/2019,8.28
15/07/2019,8.29
16/07/2019,8.29
17/07/2019,8.27
18/07/2019,8.27
19/07/2019,8.27
22/07/2019,8.25
23/07/2019,8.26
24/07/2019,8.27
25/07/2019,8.3
26/07/2019,8.32
29/07/2019,8.28
30/07/2019,8.26
31/07/2019,8.31
01/08/2019,8.3
02/08/2019,8.31
05/08/2019,8.29
06/08/2019,8.29
07/08/2019,8.28
08/08/2019,8.28
09/08/2019,8.27
12/08/2019,8.29
13/08/2019,8.29
14/08/2019,8.32
15/08/2019,8.29
16/08/2019,8.03
19/08/2019,8.05
20/08/2019,8.01
21/08/2019,8.07
22/08/2019,8
23/08/2019,8
26/08/2019,7.98
27/08/2019,7.98
28/08/2019,7.98
29/08/2019,7.99
30/08/2019,8.17
02/09/2019,8.2
03/09/2019,8.2
04/09/2019,8.08
05/09/2019,8.02
06/09/2019,8.01
09/09/2019,8
10/09/2019,8
11/09/2019,8.05
12/09/2019,8.07
13/09/2019,8.03
17/09/2019,8
18/09/2019,7.99
19/09/2019,8
20/09/2019,8.15
23/09/2019,8.08
24/09/2019,8.07
25/09/2019,8.09
26/09/2019,8.38
27/09/2019,7.95
30/09/2019,8.04
01/10/2019,7.83
02/10/2019,7.82
03/10/2019,7.78
04/10/2019,7.72
07/10/2019,7.7
08/10/2019,7.76
09/10/2019,7.78
10/10/2019,7.78
11/10/2019,7.76
14/10/2019,7.77
15/10/2019,7.79
16/10/2019,7.81
17/10/2019,7.75
18/10/2019,7.77
21/10/2019,7.79
22/10/2019,7.79
23/10/2019,7.79
24/10/2019,7.78
25/10/2019,7.75
28/10/2019,7.76
29/10/2019,7.78
30/10/2019,7.79
31/10/2019,7.85
01/11/2019,7.79
04/11/2019,7.85
05/11/2019,7.84
06/11/2019,7.78
07/11/2019,7.84
08/11/2019,7.8
11/11/2019,7.76
12/11/2019,7.81
13/11/2019,8.1
14/11/2019,8.1
15/11/2019,7.99
19/11/2019,7.77
20/11/2019,7.7
21/11/2019,7.72
22/11/2019,7.59
25/11/2019,7.55
26/11/2019,7.58
27/11/2019,7.52
28/11/2019,7.51
29/11/2019,7.6
02/12/2019,7.59
03/12/2019,7.58
04/12/2019,7.54
05/12/2019,7.51
06/12/2019,7.52
09/12/2019,7.52
10/12/2019,7.52
11/12/2019,7.54
13/12/2019,7.51
16/12/2019,7.58
17/12/2019,7.6
18/12/2019,7.57
19/12/2019,7.59
20/12/2019,7.32
23/12/2019,7.32
24/12/2019,7.28
26/12/2019,7.3
27/12/2019,7.32
30/12/2019,7.27
31/12/2019,7.27
02/01/2020,7.3
03/01/2020,7.32
06/01/2020,7.31
07/01/2020,7.29
08/01/2020,7.28
09/01/2020,7.25
10/01/2020,7.25
13/01/2020,7.26
14/01/2020,7.28
15/01/2020,7.28
16/01/2020,7.26
17/01/2020,7.25
20/01/2020,7.25
21/01/2020,7.25
22/01/2020,7.2
23/01/2020,7.22
24/01/2020,7.23
27/01/2020,7.24
28/01/2020,7.23
29/01/2020,7.2
30/01/2020,7.27
31/01/2020,7.33
04/02/2020,7.26
05/02/2020,7.28
06/02/2020,7.29
07/02/2020,7.3
10/02/2020,7.29
11/02/2020,7.29
12/02/2020,7.26
13/02/2020,7.26
14/02/2020,7.05
17/02/2020,6.96
18/02/2020,6.95
19/02/2020,6.97
20/02/2020,6.97
21/02/2020,6.99
24/02/2020,6.98
25/02/2020,6.97
26/02/2020,6.99
27/02/2020,7.13
28/02/2020,7.13
02/03/2020,7.05
03/03/2020,7.06
04/03/2020,7.05
05/03/2020,7.06
06/03/2020,7.04
09/03/2020,7.05
10/03/2020,6.96
11/03/2020,7.03
12/03/2020,7.09
13/03/2020,7.05
17/03/2020,7.06
18/03/2020,7.04
19/03/2020,7.06
20/03/2020,7.04
23/03/2020,6.55
24/03/2020,6.57
25/03/2020,6.56
26/03/2020,6.55
27/03/2020,6.56
30/03/2020,6.57
31/03/2020,6.69
01/04/2020,6.57
02/04/2020,6.64
03/04/2020,6.52
06/04/2020,6.55
07/04/2020,6.53
08/04/2020,6.5
13/04/2020,6.47
14/04/2020,6.45
15/04/2020,6.4
16/04/2020,6.39
17/04/2020,6.45
20/04/2020,6.47
21/04/2020,6.62
22/04/2020,6.1
23/04/2020,6.23
24/04/2020,6.2
27/04/2020,5.96
28/04/2020,6.03
29/04/2020,5.97
30/04/2020,6.02
04/05/2020,6.01
05/05/2020,6.03
06/05/2020,6.03
07/05/2020,6.03
08/05/2020,6.02
11/05/2020,6.01
12/05/2020,6.02
13/05/2020,6.07
14/05/2020,6.45
15/05/2020,6
18/05/2020,5.52
19/05/2020,5.5
20/05/2020,5.5
21/05/2020,5.5
22/05/2020,5.53
25/05/2020,5.5
26/05/2020,5.53
27/05/2020,5.52
28/05/2020,5.52
29/05/2020,5.75
01/06/2020,5.6
02/06/2020,5.65
03/06/2020,5.57
04/06/2020,5.51
05/06/2020,5.51
08/06/2020,5.5
09/06/2020,5.49
10/06/2020,5.49
11/06/2020,5.53
12/06/2020,5.68
15/06/2020,5.5
16/06/2020,5.51
17/06/2020,5.5
18/06/2020,5.51
19/06/2020,5.64
22/06/2020,5.59
23/06/2020,5.58
24/06/2020,5.56
25/06/2020,5.56
26/06/2020,5.1
29/06/2020,5.04
30/06/2020,5.08
01/07/2020,5.06
02/07/2020,5.1
03/07/2020,5.05
06/07/2020,5.05
07/07/2020,5.02
08/07/2020,5
09/07/2020,4.98
10/07/2020,4.98
13/07/2020,4.98
14/07/2020,5.08
15/07/2020,5
16/07/2020,5
17/07/2020,5
20/07/2020,4.96
21/07/2020,4.97
22/07/2020,4.95
23/07/2020,4.95
24/07/2020,4.95
27/07/2020,4.95
28/07/2020,5.07
29/07/2020,5.01
30/07/2020,5.02
31/07/2020,5.1
03/08/2020,5.02
04/08/2020,5.14
05/08/2020,5
06/08/2020,5
07/08/2020,4.97
10/08/2020,4.99
11/08/2020,5
12/08/2020,5.04
13/08/2020,5.12
14/08/2020,4.53
17/08/2020,4.48
18/08/2020,4.42
19/08/2020,4.5
20/08/2020,4.46
21/08/2020,4.51
24/08/2020,4.55
25/08/2020,4.57
26/08/2020,4.45
27/08/2020,4.48
28/08/2020,4.49
31/08/2020,4.58
01/09/2020,4.51
02/09/2020,4.5
03/09/2020,4.49
04/09/2020,4.47
07/09/2020,4.47
08/09/2020,4.5
09/09/2020,4.47
10/09/2020,4.48
11/09/2020,4.53
14/09/2020,4.51
15/09/2020,4.54
17/09/2020,4.49
18/09/2020,4.5
21/09/2020,4.52
22/09/2020,4.58
23/09/2020,4.63
24/09/2020,4.55
25/09/2020,4.25
28/09/2020,4.25
29/09/2020,4.3
30/09/2020,4.28
01/10/2020,4.24
02/10/2020,4.24
05/10/2020,4.23
06/10/2020,4.25
07/10/2020,4.25
08/10/2020,4.25
09/10/2020,4.25
12/10/2020,4.25
13/10/2020,4.25
14/10/2020,4.24
15/10/2020,4.23
16/10/2020,4.24
19/10/2020,4.23
20/10/2020,4.23
21/10/2020,4.24
22/10/2020,4.25
23/10/2020,4.29
26/10/2020,4.27
27/10/2020,4.26
28/10/2020,4.24
29/10/2020,4.25
30/10/2020,4.28
03/11/2020,4.26
04/11/2020,4.28
05/11/2020,4.27
06/11/2020,4.26
09/11/2020,4.26
10/11/2020,4.25
11/11/2020,4.24
12/11/2020,4.25
13/11/2020,4.26
17/11/2020,4.25
18/11/2020,4.24
19/11/2020,4.24
20/11/2020,4.21
23/11/2020,4.25
24/11/2020,4.32
25/11/2020,4.3
26/11/2020,4.28
27/11/2020,4.29
30/11/2020,4.42
01/12/2020,4.35
02/12/2020,4.3
03/12/2020,4.24
04/12/2020,4.23
07/12/2020,4.25
08/12/2020,4.27
09/12/2020,4.27
10/12/2020,4.3
11/12/2020,4.2
14/12/2020,4.26
15/12/2020,4.3
16/12/2020,4.28
17/12/2020,4.22
18/12/2020,4.22
21/12/2020,4.27
22/12/2020,4.28
23/12/2020,4.28
24/12/2020,4.35
28/12/2020,4.44
29/12/2020,4.4
30/12/2020,4.36
31/12/2020,4.38
04/01/2021,4.3
05/01/2021,4.29
06/01/2021,4.23
07/01/2021,4.21
08/01/2021,4.23
11/01/2021,4.22
12/01/2021,4.25
13/01/2021,4.32
14/01/2021,4.28
15/01/2021,4.29
18/01/2021,4.25
19/01/2021,4.25
20/01/2021,4.33
21/01/2021,4.3
22/01/2021,4.32
25/01/2021,4.4
26/01/2021,4.46
27/01/2021,4.38
28/01/2021,4.35
29/01/2021,4.39
02/02/2021,4.27
03/02/2021,4.24
04/02/2021,4.21
05/02/2021,4.24
08/02/2021,4.3
09/02/2021,4.29
10/02/2021,4.25
11/02/2021,4.24
12/02/2021,4
15/02/2021,3.97
16/02/2021,3.96
17/02/2021,3.94
18/02/2021,3.97
19/02/2021,4.04
22/02/2021,4.09
23/02/2021,4.03
24/02/2021,4.07
25/02/2021,4.04
26/02/2021,4.03
01/03/2021,4.05
02/03/2021,4.04
03/03/2021,4.01
04/03/2021,3.92
05/03/2021,3.95
08/03/2021,4
09/03/2021,4.02
10/03/2021,4.06
11/03/2021,4.07
12/03/2021,4.02
16/03/2021,4.01
17/03/2021,3.99
18/03/2021,3.99
19/03/2021,4.04
22/03/2021,4.02
23/03/2021,4.09
24/03/2021,3.98
25/03/2021,4
26/03/2021,3.98
29/03/2021,3.95
30/03/2021,3.97
31/03/2021,4.2
05/04/2021,4.06
06/04/2021,4.03
07/04/2021,4.01
08/04/2021,4.02
09/04/2021,4.05
12/04/2021,4.02
13/04/2021,4
14/04/2021,4
15/04/2021,3.99
16/04/2021,4
19/04/2021,3.97
20/04/2021,4
21/04/2021,4
22/04/2021,4.01
23/04/2021,4.01
26/04/2021,3.99
27/04/2021,4
28/04/2021,4.01
29/04/2021,4.06
30/04/2021,4.05
03/05/2021,4.04
04/05/2021,4.07
05/05/2021,4.02
06/05/2021,4.02
07/05/2021,4.02
10/05/2021,4.04
11/05/2021,4.03
12/05/2021,4.01
13/05/2021,4.02
14/05/2021,4.01
17/05/2021,4
18/05/2021,4.02
19/05/2021,4.05
20/05/2021,4.07
21/05/2021,4.03
24/05/2021,4.06
25/05/2021,4.05
26/05/2021,4.04
27/05/2021,4.05
28/05/2021,4.05
31/05/2021,4.06
01/06/2021,4.05
02/06/2021,4.03
03/06/2021,4.01
04/06/2021,4.01
07/06/2021,4.01
08/06/2021,4.01
09/06/2021,4.01
10/06/2021,3.98
11/06/2021,3.85
14/06/2021,3.87
15/06/2021,3.98
16/06/2021,4.03
17/06/2021,3.96
18/06/2021,3.96
21/06/2021,4.02
22/06/2021,4.05
23/06/2021,4.04
24/06/2021,4.03
25/06/2021,4.31
28/06/2021,4.27
29/06/2021,4.26
30/06/2021,4.22
01/07/2021,4.23
02/07/2021,4.23
05/07/2021,4.24
06/07/2021,4.24
07/07/2021,4.24
08/07/2021,4.24
09/07/2021,4.27
12/07/2021,4.29
13/07/2021,4.27
14/07/2021,4.27
15/07/2021,4.27
16/07/2021,4.25
19/07/2021,4.24
20/07/2021,4.24
21/07/2021,4.3
22/07/2021,4.34
23/07/2021,4.28
26/07/2021,4.33
27/07/2021,4.3
28/07/2021,4.27
29/07/2021,4.28
30/07/2021,4.44
02/08/2021,4.29
03/08/2021,4.24
04/08/2021,4.23
05/08/2021,4.22
06/08/2021,4.21
09/08/2021,4.24
10/08/2021,4.24
11/08/2021,4.27
12/08/2021,4.29
13/08/2021,4.47
16/08/2021,4.5
17/08/2021,4.46
18/08/2021,4.47
19/08/2021,4.53
20/08/2021,4.55
23/08/2021,4.6
24/08/2021,4.57
25/08/2021,4.53
26/08/2021,4.52
27/08/2021,4.52
30/08/2021,4.53
31/08/2021,4.63
01/09/2021,4.53
02/09/2021,4.53
03/09/2021,4.54
06/09/2021,4.53
07/09/2021,4.54
08/09/2021,4.56
09/09/2021,4.55
10/09/2021,4.61
13/09/2021,4.58
14/09/2021,4.6
15/09/2021,4.64
17/09/2021,4.53
20/09/2021,4.58
21/09/2021,4.66
22/09/2021,4.58
23/09/2021,4.62
24/09/2021,4.6
27/09/2021,4.56
28/09/2021,4.55
29/09/2021,4.6
30/09/2021,4.66
01/10/2021,5.05
04/10/2021,4.91
05/10/2021,4.87
06/10/2021,4.8
07/10/2021,4.78
08/10/2021,4.77
11/10/2021,4.75
12/10/2021,4.73
13/10/2021,4.71
14/10/2021,4.73
15/10/2021,4.74
18/10/2021,4.75
19/10/2021,4.82
20/10/2021,4.83
21/10/2021,4.78
22/10/2021,4.79
25/10/2021,4.78
26/10/2021,4.77
27/10/2021,4.77
28/10/2021,4.87
29/10/2021,4.88
01/11/2021,4.88
03/11/2021,4.92
04/11/2021,4.77
05/11/2021,4.77
08/11/2021,4.77
09/11/2021,4.8
10/11/2021,4.79
11/11/2021,4.77
12/11/2021,5.02
16/11/2021,4.98
17/11/2021,4.97
18/11/2021,5
19/11/2021,5
22/11/2021,4.99
23/11/2021,4.98
24/11/2021,4.99
25/11/2021,4.98
26/11/2021,4.97
29/11/2021,4.96
30/11/2021,4.97
01/12/2021,4.98
02/12/2021,4.98
03/12/2021,4.94
06/12/2021,4.95
07/12/2021,4.95
08/12/2021,4.94
09/12/2021,4.94
10/12/2021,4.85
13/12/2021,4.86
14/12/2021,4.9
15/12/2021,4.97
16/12/2021,5.01
17/12/2021,5.44
20/12/2021,5.45
21/12/2021,5.46
22/12/2021,5.5
23/12/2021,5.54
24/12/2021,5.55
27/12/2021,5.56
28/12/2021,5.5
29/12/2021,5.47
30/12/2021,5.44
31/12/2021,5.43
03/01/2022,5.48
04/01/2022,5.48
05/01/2022,5.48
06/01/2022,5.48
07/01/2022,5.5
10/01/2022,5.51
11/01/2022,5.51
12/01/2022,5.5
13/01/2022,5.51
14/01/2022,5.5
17/01/2022,5.48
18/01/2022,5.48
19/01/2022,5.48
20/01/2022,5.49
21/01/2022,5.6
24/01/2022,5.52
25/01/2022,5.54
26/01/2022,5.5
27/01/2022,5.49
28/01/2022,5.48
31/01/2022,5.5
01/02/2022,5.54
02/02/2022,5.54
03/02/2022,5.43
04/02/2022,5.44
08/02/2022,5.46
09/02/2022,5.46
10/02/2022,5.5
11/02/2022,6.02
14/02/2022,6.02
15/02/2022,6
16/02/2022,5.95
17/02/2022,5.91
18/02/2022,5.96
21/02/2022,6
22/02/2022,5.99
23/02/2022,5.96
24/02/2022,5.99
25/02/2022,5.99
28/02/2022,6.01
01/03/2022,6.03
02/03/2022,6.03
03/03/2022,5.97
04/03/2022,5.98
07/03/2022,5.98
08/03/2022,5.97
09/03/2022,5.98
10/03/2022,5.97
11/03/2022,5.98
14/03/2022,6.01
15/03/2022,6.06
16/03/2022,6.02
17/03/2022,5.97
18/03/2022,5.97
22/03/2022,5.95
23/03/2022,5.9
24/03/2022,5.95
25/03/2022,6.47
28/03/2022,6.46
29/03/2022,6.46
30/03/2022,6.48
31/03/2022,6.52
01/04/2022,6.59
04/04/2022,6.56
05/04/2022,6.57
06/04/2022,6.5
07/04/2022,6.49
08/04/2022,6.5
11/04/2022,6.5
12/04/2022,6.51
13/04/2022,6.52
18/04/2022,6.48
19/04/2022,6.52
20/04/2022,6.55
21/04/2022,6.56
22/04/2022,6.52
25/04/2022,6.54
26/04/2022,6.53
27/04/2022,6.51
28/04/2022,6.55
29/04/2022,6.61
02/05/2022,6.55
03/05/2022,6.6
04/05/2022,6.5
05/05/2022,6.5
06/05/2022,6.5
09/05/2022,6.49
10/05/2022,6.49
11/05/2022,6.51
12/05/2022,6.55
13/05/2022,7.03
16/05/2022,6.97
17/05/2022,6.98
18/05/2022,6.98
19/05/2022,6.99
20/05/2022,7
23/05/2022,7
24/05/2022,7
25/05/2022,6.98
26/05/2022,6.99
27/05/2022,7.05
30/05/2022,7.02
31/05/2022,7.05
01/06/2022,7.07
02/06/2022,7.06
03/06/2022,6.98
06/06/2022,6.98
07/06/2022,7
08/06/2022,7
09/06/2022,6.91
10/06/2022,6.77
13/06/2022,6.8
14/06/2022,6.83
15/06/2022,6.91
16/06/2022,6.98
17/06/2022,7
20/06/2022,7
21/06/2022,7.02
22/06/2022,7.01
23/06/2022,6.98
24/06/2022,7.71
27/06/2022,7.71
28/06/2022,7.73
29/06/2022,7.75
30/06/2022,7.8
01/07/2022,7.76
04/07/2022,7.77
05/07/2022,7.72
06/07/2022,7.73
07/07/2022,7.74
08/07/2022,7.74
11/07/2022,7.75
12/07/2022,7.78
13/07/2022,7.78
14/07/2022,7.76
15/07/2022,7.74
18/07/2022,7.73
19/07/2022,7.74
20/07/2022,7.75
21/07/2022,7.77
22/07/2022,7.75
25/07/2022,7.75
26/07/2022,7.76
27/07/2022,7.76
28/07/2022,7.76
29/07/2022,7.8
01/08/2022,7.79
02/08/2022,7.77
03/08/2022,7.77
04/08/2022,7.75
05/08/2022,7.72
08/08/2022,7.74
09/08/2022,7.73
10/08/2022,7.73
11/08/2022,7.75
12/08/2022,8.5
15/08/2022,8.54
16/08/2022,8.5
17/08/2022,8.47
18/08/2022,8.45
19/08/2022,8.5
22/08/2022,8.56
23/08/2022,8.52
24/08/2022,8.5
25/08/2022,8.52
26/08/2022,8.52
29/08/2022,8.55
30/08/2022,8.55
31/08/2022,8.66
01/09/2022,8.59
02/09/2022,8.54
05/09/2022,8.52
06/09/2022,8.5
07/09/2022,8.5
08/09/2022,8.48
09/09/2022,8.48
12/09/2022,8.49
13/09/2022,8.49
14/09/2022,8.48
15/09/2022,8.47
19/09/2022,8.47
20/09/2022,8.48
21/09/2022,8.51
22/09/2022,8.56
23/09/2022,8.52
26/09/2022,8.52
27/09/2022,8.51
28/09/2022,8.51
29/09/2022,8.54
30/09/2022,9.35
03/10/2022,9.29
04/10/2022,9.29
05/10/2022,9.25
06/10/2022,9.25
07/10/2022,9.21
10/10/2022,9.22
11/10/2022,9.24
12/10/2022,9.25
13/10/2022,9.25
14/10/2022,9.24
17/10/2022,9.23
18/10/2022,9.25
19/10/2022,9.23
20/10/2022,9.22
21/10/2022,9.22
24/10/2022,9.24
25/10/2022,9.27
26/10/2022,9.24
27/10/2022,9.23
28/10/2022,9.22
31/10/2022,9.25
01/11/2022,9.26
03/11/2022,9.28
04/11/2022,9.24
07/11/2022,9.23
08/11/2022,9.22
09/11/2022,9.24
10/11/2022,9.26
11/11/2022,10.05
14/11/2022,10.01
15/11/2022,9.98
16/11/2022,9.98
17/11/2022,9.96
18/11/2022,9.97
22/11/2022,10
23/11/2022,10.05
24/11/2022,10.01
25/11/2022,10.02
28/11/2022,10.04
29/11/2022,10.08
30/11/2022,10.05
01/12/2022,10.05
02/12/2022,10.02
05/12/2022,10.02
06/12/2022,10.02
07/12/2022,10.03
08/12/2022,10.02
09/12/2022,10.03
13/12/2022,10.05
14/12/2022,10.1
15/12/2022,10.04
16/12/2022,10.52
19/12/2022,10.52
20/12/2022,10.52
21/12/2022,10.54
22/12/2022,10.54
23/12/2022,10.55
26/12/2022,10.55
27/12/2022,10.53
28/12/2022,10.52
29/12/2022,10.53
30/12/2022,10.54
02/01/2023,10.54
03/01/2023,10.52
04/01/2023,10.49
05/01/2023,10.48
06/01/2023,10.47
09/01/2023,10.47
10/01/2023,10.46
11/01/2023,10.47
12/01/2023,10.48
13/01/2023,10.49
16/01/2023,10.5
17/01/2023,10.49
18/01/2023,10.48
19/01/2023,10.54
20/01/2023,10.63
23/01/2023,10.54
24/01/2023,10.5
25/01/2023,10.49
26/01/2023,10.48
27/01/2023,10.53
30/01/2023,10.55
31/01/2023,10.57
01/02/2023,10.54
02/02/2023,10.5
03/02/2023,10.51
07/02/2023,10.51
08/02/2023,10.52
09/02/2023,10.51
10/02/2023,11.01
13/02/2023,10.97
14/02/2023,10.97
15/02/2023,10.98
16/02/2023,10.98
17/02/2023,10.99
20/02/2023,10.98
21/02/2023,11
22/02/2023,11
23/02/2023,11
24/02/2023,11
27/02/2023,11.05
28/02/2023,11.05
01/03/2023,11.06
02/03/2023,11.04
03/03/2023,11
06/03/2023,11
07/03/2023,11.05
08/03/2023,11.01
09/03/2023,10.94
10/03/2023,10.92
13/03/2023,10.98
14/03/2023,11.03
15/03/2023,11.08
16/03/2023,10.98
17/03/2023,11.02
21/03/2023,11
22/03/2023,11.03
23/03/2023,11.04
24/03/2023,11.02
27/03/2023,11.02
28/03/2023,11.01
29/03/2023,11.01
30/03/2023,11.01
31/03/2023,11.3
03/04/2023,11.3
04/04/2023,11.26
05/04/2023,11.25
10/04/2023,11.25
11/04/2023,11.29
12/04/2023,11.28
13/04/2023,11.24
14/04/2023,11.24
17/04/2023,11.22
18/04/2023,11.25
19/04/2023,11.26
20/04/2023,11.32
21/04/2023,11.3
24/04/2023,11.26
25/04/2023,11.25
26/04/2023,11.27
27/04/2023,11.28
28/04/2023,11.37
02/05/2023,11.37
03/05/2023,11.35
04/05/2023,11.28
05/05/2023,11.27
08/05/2023,11.26
09/05/2023,11.25
10/05/2023,11.25
11/05/2023,11.25
12/05/2023,11.27
15/05/2023,11.26
16/05/2023,11.26
17/05/2023,11.25
18/05/2023,11.26
19/05/2023,11.29
22/05/2023,11.33
23/05/2023,11.37
24/05/2023,11.29
25/05/2023,11.27
26/05/2023,11.26
29/05/2023,11.26
30/05/2023,11.26
31/05/2023,11.44
01/06/2023,11.28
02/06/2023,11.19
05/06/2023,11.2
06/06/2023,11.27
07/06/2023,11.26
08/06/2023,11.22
09/06/2023,11.23
12/06/2023,11.23
13/06/2023,11.25
14/06/2023,11.25
15/06/2023,11.26
16/06/2023,11.28
19/06/2023,11.24
20/06/2023,11.24
21/06/2023,11.22
22/06/2023,11.24
23/06/2023,11.25
26/06/2023,11.24
27/06/2023,11.24
28/06/2023,11.23
29/06/2023,11.25
30/06/2023,11.35
03/07/2023,11.27
04/07/2023,11.27
05/07/2023,11.23
06/07/2023,11.23
07/07/2023,11.22
10/07/2023,11.25
11/07/2023,11.28
12/07/2023,11.3
13/07/2023,11.26
14/07/2023,11.24
17/07/2023,11.2
18/07/2023,11.2
19/07/2023,11.22
20/07/2023,11.25
21/07/2023,11.28
24/07/2023,11.25
25/07/2023,11.25
26/07/2023,11.24
27/07/2023,11.18
28/07/2023,11.24
31/07/2023,11.29
01/08/2023,11.27
02/08/2023,11.26
03/08/2023,11.25
04/08/2023,11.24
07/08/2023,11.24
08/08/2023,11.24
09/08/2023,11.25
10/08/2023,11.25
11/08/2023,11.27
14/08/2023,11.25
15/08/2023,11.23
16/08/2023,11.23
17/08/2023,11.18
18/08/2023,11.22
21/08/2023,11.21
22/08/2023,11.25
23/08/2023,11.24
24/08/2023,11.24
25/08/2023,11.24
28/08/2023,11.24
29/08/2023,11.25
30/08/2023,11.25
31/08/2023,11.32
01/09/2023,11.31
04/09/2023,11.27
05/09/2023,11.25
06/09/2023,11.24
07/09/2023,11.24
08/09/2023,11.24
11/09/2023,11.24
12/09/2023,11.25
13/09/2023,11.26
14/09/2023,11.25
15/09/2023,11.23
18/09/2023,11.21
19/09/2023,11.23
20/09/2023,11.25
21/09/2023,11.27
22/09/2023,11.24
25/09/2023,11.23
26/09/2023,11.24
27/09/2023,11.28
28/09/2023,11.24
29/09/2023,11.27
02/10/2023,11.27
03/10/2023,11.23
04/10/2023,11.24
05/10/2023,11.23
06/10/2023,11.25
09/10/2023,11.25
10/10/2023,11.26
11/10/2023,11.26
12/10/2023,11.25
13/10/2023,11.24
16/10/2023,11.24
17/10/2023,11.25
18/10/2023,11.25
19/10/2023,11.23
20/10/2023,11.25
23/10/2023,11.27
24/10/2023,11.25
25/10/2023,11.25
26/10/2023,11.24
27/10/2023,11.23
30/10/2023,11.26
31/10/2023,11.35
01/11/2023,11.28
03/11/2023,11.26
06/11/2023,11.24
07/11/2023,11.24
08/11/2023,11.23
09/11/2023,11.24
10/11/2023,11.25
13/11/2023,11.26
14/11/2023,11.26
15/11/2023,11.26
16/11/2023,11.26
17/11/2023,11.26
21/11/2023,11.24
22/11/2023,11.26
23/11/2023,11.25
24/11/2023,11.25
27/11/2023,11.25
28/11/2023,11.24
29/11/2023,11.24
30/11/2023,11.3
01/12/2023,11.27
04/12/2023,11.26
05/12/2023,11.31
06/12/2023,11.33
07/12/2023,11.22
08/12/2023,11.24
11/12/2023,11.29
13/12/2023,11.3
14/12/2023,11.24
15/12/2023,11.25
18/12/2023,11.24
19/12/2023,11.25
20/12/2023,11.26
21/12/2023,11.28
22/12/2023,11.24
26/12/2023,11.26
27/12/2023,11.27
28/12/2023,11.32
29/12/2023,11.45
02/01/2024,11.3
03/01/2024,11.27
04/01/2024,11.24
05/01/2024,11.25
08/01/2024,11.27
09/01/2024,11.27
10/01/2024,11.22
11/01/2024,11.22
12/01/2024,11.23
15/01/2024,11.23
16/01/2024,11.22
17/01/2024,11.22
18/01/2024,11.24
19/01/2024,11.27
22/01/2024,11.3
23/01/2024,11.3
24/01/2024,11.27
25/01/2024,11.25
26/01/2024,11.26
29/01/2024,11.27
30/01/2024,11.26
31/01/2024,11.27
01/02/2024,11.25
02/02/2024,11.25
06/02/2024,11.25
07/02/2024,11.25
08/02/2024,11.24
09/02/2024,11.24
12/02/2024,11.24
13/02/2024,11.24
14/02/2024,11.25
15/02/2024,11.23
16/02/2024,11.24
19/02/2024,11.24
20/02/2024,11.25
21/02/2024,11.26
22/02/2024,11.25
23/02/2024,11.25
26/02/2024,11.25
27/02/2024,11.25
28/02/2024,11.25
29/02/2024,11.27
01/03/2024,11.24
04/03/2024,11.23
05/03/2024,11.23
06/03/2024,11.23
07/03/2024,11.24
08/03/2024,11.27
11/03/2024,11.26
12/03/2024,11.25
13/03/2024,11.25
14/03/2024,11.24
15/03/2024,11.24
19/03/2024,11.24
20/03/2024,11.26
21/03/2024,11.26
22/03/2024,11.03
25/03/2024,11.06
26/03/2024,11.06
27/03/2024,11.1
01/04/2024,11.07
02/04/2024,11.06
03/04/2024,11
04/04/2024,10.98
05/04/2024,11
08/04/2024,10.99
09/04/2024,11.01
10/04/2024,11.02
11/04/2024,11.03
12/04/2024,11.01
15/04/2024,11
16/04/2024,11
17/04/2024,11
18/04/2024,11
19/04/2024,11
22/04/2024,11.01
23/04/2024,11.01
24/04/2024,10.99
25/04/2024,10.99
26/04/2024,11
29/04/2024,11.01
30/04/2024,11.07
02/05/2024,11.02
03/05/2024,11.05
06/05/2024,11.01
07/05/2024,11
08/05/2024,11.01
09/05/2024,11.02
10/05/2024,11.02
13/05/2024,11.02
14/05/2024,11.03
15/05/2024,11.04
16/05/2024,11
17/05/2024,11
20/05/2024,11
21/05/2024,11
22/05/2024,11
23/05/2024,11
24/05/2024,11
27/05/2024,11
28/05/2024,11.01
29/05/2024,11
30/05/2024,10.99
31/05/2024,11.06
03/06/2024,11.01
04/06/2024,11.01
05/06/2024,11
06/06/2024,10.99
07/06/2024,10.98
10/06/2024,11
11/06/2024,11
12/06/2024,10.99
13/06/2024,11
14/06/2024,10.99
17/06/2024,10.99
18/06/2024,10.99
19/06/2024,11
20/06/2024,11
21/06/2024,11
24/06/2024,11
25/06/2024,11.01
26/06/2024,11.02
27/06/2024,11.02
28/06/2024,11.09
01/07/2024,11.08
02/07/2024,11.04
03/07/2024,11
04/07/2024,11
05/07/2024,11
08/07/2024,11
09/07/2024,11
10/07/2024,11
11/07/2024,11
12/07/2024,11
15/07/2024,11
16/07/2024,11
17/07/2024,11
18/07/2024,11
19/07/2024,11
22/07/2024,11.01
23/07/2024,11.02
24/07/2024,11.01
25/07/2024,11
26/07/2024,11.01
29/07/2024,11.01
30/07/2024,11.01
31/07/2024,11.05
01/08/2024,11
02/08/2024,11
05/08/2024,11.01
06/08/2024,11
07/08/2024,11
08/08/2024,11
09/08/2024,10.75
12/08/2024,10.75
13/08/2024,10.75
14/08/2024,10.75
15/08/2024,10.75
16/08/2024,10.74
19/08/2024,10.74
20/08/2024,10.76
21/08/2024,10.76
22/08/2024,10.77
23/08/2024,10.77
26/08/2024,10.77
27/08/2024,10.77
28/08/2024,10.77
29/08/2024,10.78
30/08/2024,11
02/09/2024,10.78
03/09/2024,10.8
04/09/2024,10.8
05/09/2024,10.7
06/09/2024,10.65
09/09/2024,10.67
10/09/2024,10.67
11/09/2024,10.75
12/09/2024,10.77
13/09/2024,10.75
17/09/2024,10.76
18/09/2024,10.75
19/09/2024,10.76
20/09/2024,10.78
23/09/2024,10.78
24/09/2024,10.79
25/09/2024,10.78
26/09/2024,10.77
27/09/2024,10.54
30/09/2024,10.6
02/10/2024,10.55
03/10/2024,10.53
04/10/2024,10.5
07/10/2024,10.48
08/10/2024,10.48
09/10/2024,10.47
10/10/2024,10.48
11/10/2024,10.48
14/10/2024,10.49
15/10/2024,10.52
16/10/2024,10.49
17/10/2024,10.49
18/10/2024,10.5
21/10/2024,10.5
22/10/2024,10.52
23/10/2024,10.51
24/10/2024,10.53
25/10/2024,10.54
28/10/2024,10.52
29/10/2024,10.54
30/10/2024,10.54
31/10/2024,10.65
01/11/2024,10.54
04/11/2024,10.51
05/11/2024,10.51
06/11/2024,10.51
07/11/2024,10.51
08/11/2024,10.52
11/11/2024,10.53
12/11/2024,10.54
13/11/2024,10.52
14/11/2024,10.52
15/11/2024,10.28
19/11/2024,10.25
20/11/2024,10.27
21/11/2024,10.26
22/11/2024,10.28
25/11/2024,10.3
26/11/2024,10.34
27/11/2024,10.3
28/11/2024,10.39
